유형,유형명,기록 수,비율 (%),MGI,경기긴장도,사회적 도움 활용,경기 준비 능력,실수 후 회복력,자기 통제력,P,R,I
전체,분석 대상 전체,774,100.0,4.442,4.259,5.093,4.576,4.54,4.338,4.288,4.575,4.564
A,섬세한 준비형,127,16.41,3.893,3.413,4.576,5.024,3.325,3.934,3.458,5.022,3.364
B,책임감 설계자형,34,4.39,4.591,4.788,5.306,5.094,3.865,4.574,4.872,5.096,3.891
C,침착한 감각형,13,1.68,4.146,4.8,5.231,3.892,3.846,4.077,4.798,3.89,3.873
D,실전 승부사형,99,12.79,4.77,4.959,5.465,3.924,5.432,4.591,4.984,3.918,5.438
E,오뚝이 회복형,79,10.21,4.323,3.995,5.0,3.91,5.119,4.057,3.992,3.898,5.116
F,성실한 도전자형,75,9.69,4.676,3.987,5.269,4.993,5.16,4.44,4.005,5.0,5.201
G,스펀지 흡수형,156,20.16,3.63,3.515,4.526,3.943,3.44,3.635,3.518,3.94,3.443
H,올라운드 밸런스형,191,24.68,5.25,5.152,5.627,5.201,5.469,5.103,5.201,5.202,5.512
