기록ID,선수,측정일,원본파일,엑셀행,실제나이_개월,골연령_년_원본,골연령_개월_원본,골연령차_개월,6개월이상지연,성장단계_원본,PHV_원본,리포트성장단계,검수사항
0,전준수,2026-09-19,mps-authoring-inputs (10).xlsx,193,155.0667,13,0,0.9333,False,Stage 2,PHV 0,급성장기,
1,이지율,2026-09-19,mps-authoring-inputs (10).xlsx,7,124.2667,10,0,-4.2667,False,Pre-PHV,PHV -2,급성장 이전,
2,이지우,2026-09-19,mps-authoring-inputs (10).xlsx,6,126.8387,10,10,3.1613,False,Pre-PHV,PHV -2,급성장 이전,
3,음연재,2026-09-19,mps-authoring-inputs (10).xlsx,5,138.1,11,0,-6.1,True,Pre-PHV,PHV -2,급성장 이전,
4,손하준,2026-09-19,mps-authoring-inputs (10).xlsx,4,139.5667,10,11,-8.5667,True,Pre-PHV,PHV -2,급성장 이전,
5,김시온,2026-09-19,mps-authoring-inputs (10).xlsx,9,126.0,10,1,-5.0,False,Pre-PHV,PHV -2,급성장 이전,
6,김동읍,2026-09-19,mps-authoring-inputs (10).xlsx,8,125.6333,9,8,-9.6333,True,Pre-PHV,PHV -2,급성장 이전,
7,신서윤,2026-09-17,mps-authoring-inputs (10).xlsx,10,133.5333,10,6,-7.5333,True,Pre-PHV,PHV -2,급성장 이전,
8,최윤호,2026-09-16,mps-authoring-inputs (10).xlsx,14,120.8065,10,2,1.1935,False,Pre-PHV,PHV -2,급성장 이전,
9,임지완,2026-09-16,mps-authoring-inputs (10).xlsx,16,136.9677,11,0,-4.9677,False,Pre-PHV,PHV -2,급성장 이전,
10,반주원,2026-09-16,mps-authoring-inputs (4).xlsx,6,133.1333,10,10,-3.1333,False,Stage 1,PHV -1,가속기,
11,노현성,2026-09-16,mps-authoring-inputs (10).xlsx,12,121.6129,9,10,-3.6129,False,Pre-PHV,PHV -2,급성장 이전,
12,김찬영,2026-09-16,mps-authoring-inputs (4).xlsx,5,136.7419,10,10,-6.7419,True,Pre-PHV,PHV -2,급성장 이전,
13,김주혁,2026-09-16,mps-authoring-inputs (4).xlsx,4,135.7742,11,0,-3.7742,False,Pre-PHV,PHV -2,급성장 이전,
14,김민결,2026-09-16,mps-authoring-inputs (10).xlsx,11,124.2667,10,3,-1.2667,False,Stage 1,PHV -1,가속기,
15,이한,2026-09-15,mps-authoring-inputs (10).xlsx,18,135.0667,11,6,2.9333,False,Pre-PHV,PHV -2,급성장 이전,
16,박다빈,2026-09-15,mps-authoring-inputs (10).xlsx,19,139.2,11,0,-7.2,True,Stage 1,PHV -1,가속기,
17,김지한,2026-09-15,mps-authoring-inputs (4).xlsx,7,124.0,11,2,10.0,False,Stage 1,PHV -1,가속기,
18,김규원,2026-09-15,mps-authoring-inputs (10).xlsx,21,126.0,10,7,1.0,False,Pre-PHV,PHV -2,급성장 이전,
19,한리구,2026-09-14,mps-authoring-inputs (10).xlsx,31,149.3,12,2,-3.3,False,Stage 1,PHV -1,가속기,
20,전우현,2026-09-14,mps-authoring-inputs (10).xlsx,276,138.3,11,10,3.7,False,Stage 1,PHV -1,가속기,
21,이정수,2026-09-14,mps-authoring-inputs (4).xlsx,15,144.871,11,0,-12.871,True,Pre-PHV,PHV -2,급성장 이전,
22,이동하,2026-09-14,mps-authoring-inputs (10).xlsx,251,156.4,14,6,17.6,False,Stage 3,PHV 1,감속기,
23,이도윤,2026-09-14,mps-authoring-inputs (10).xlsx,117,133.8065,10,10,-3.8065,False,Stage 1,PHV -1,가속기,
24,윤하람,2026-09-14,mps-authoring-inputs (4).xlsx,8,128.6774,9,9,-11.6774,True,Pre-PHV,PHV -2,급성장 이전,
25,윤준규,2026-09-14,mps-authoring-inputs (4).xlsx,11,138.4,11,0,-6.4,True,Pre-PHV,PHV -2,급성장 이전,
26,서정민,2026-09-14,mps-authoring-inputs (4).xlsx,9,122.9355,10,3,0.0645,False,Stage 1,PHV -1,가속기,
27,서우빈,2026-09-14,mps-authoring-inputs (4).xlsx,10,136.6452,10,10,-6.6452,True,Stage 1,PHV -1,가속기,
28,박주원,2026-09-14,mps-authoring-inputs (4).xlsx,12,136.6774,10,6,-10.6774,True,Pre-PHV,PHV -2,급성장 이전,
29,박시윤,2026-09-14,mps-authoring-inputs (4).xlsx,13,137.3333,10,8,-9.3333,True,Pre-PHV,PHV -2,급성장 이전,
30,박슬우,2026-09-14,mps-authoring-inputs (10).xlsx,23,136.9032,10,7,-9.9032,True,Pre-PHV,PHV -2,급성장 이전,
31,김승주,2026-09-14,mps-authoring-inputs (10).xlsx,28,136.4,10,8,-8.4,True,Pre-PHV,PHV -2,급성장 이전,
32,김세한,2026-09-14,mps-authoring-inputs (4).xlsx,14,145.871,12,3,1.129,False,Stage 1,PHV -1,가속기,
33,김민준,2026-09-14,mps-authoring-inputs (10).xlsx,22,136.3,11,0,-4.3,False,Stage 1,PHV -1,가속기,
34,이승우,2026-09-12,mps-authoring-inputs (4).xlsx,218,152.8065,13,3,6.1935,False,Stage 2,PHV 0,급성장기,
35,이상우,2026-09-12,mps-authoring-inputs (4).xlsx,17,163.7097,14,9,13.2903,False,Stage 3,PHV 1,감속기,
36,소준희,2026-09-12,mps-authoring-inputs (4).xlsx,19,155.4194,13,0,0.5806,False,Stage 1,PHV -1,가속기,
37,김주영A,2026-09-12,mps-authoring-inputs (10).xlsx,236,158.8387,13,1,-1.8387,False,Stage 2,PHV 0,급성장기,
38,김민준,2026-09-12,mps-authoring-inputs (4).xlsx,16,163.2,14,2,6.8,False,Stage 2,PHV 0,급성장기,
39,강동완,2026-09-07,mps-authoring-inputs (4).xlsx,253,164.2,12,9,-11.2,True,Stage 1,PHV -1,가속기,
40,임영준,2026-09-05,mps-authoring-inputs (4).xlsx,18,167.2903,15,0,12.7097,False,Stage 3,PHV 1,감속기,
41,이정윤,2026-09-05,mps-authoring-inputs (4).xlsx,261,162.5484,14,0,5.4516,False,Stage 3,PHV 1,감속기,
42,서환희,2026-08-31,mps-authoring-inputs (3).xlsx,5,158.2903,13,3,0.7097,False,Stage 2,PHV 0,급성장기,
43,이준후,2026-08-29,mps-authoring-inputs (4).xlsx,21,172.7097,14,10,5.2903,False,Stage 3,PHV 1,감속기,
44,신민찬,2026-08-29,mps-authoring-inputs (4).xlsx,213,162.3226,13,9,2.6774,False,Stage 2,PHV 0,급성장기,
45,손신유,2026-08-29,mps-authoring-inputs (4).xlsx,22,174.9032,13,10,-8.9032,True,Stage 1,PHV -1,가속기,
46,백채아,2026-08-29,mps-authoring-inputs (4).xlsx,20,148.4194,12,5,0.5806,False,Stage 2,PHV 0,급성장기,
47,김정우,2026-08-29,mps-authoring-inputs (4).xlsx,228,160.1613,12,3,-13.1613,True,Stage 1,PHV -1,가속기,
48,오현준,2026-08-28,mps-authoring-inputs (4).xlsx,215,154.1935,13,11,12.8065,False,Stage 2,PHV 0,급성장기,
49,조유승,2026-08-26,mps-authoring-inputs (3).xlsx,4,173.8065,13,10,-7.8065,True,Stage 2,PHV 0,급성장기,
50,이우빈,2026-08-22,mps-authoring-inputs (4).xlsx,27,158.871,14,2,11.129,False,Stage 2,PHV 0,급성장기,
51,유정훈,2026-08-22,mps-authoring-inputs (4).xlsx,24,154.8387,11,11,-11.8387,True,Stage 1,PHV -1,가속기,
52,유선민,2026-08-22,mps-authoring-inputs (4).xlsx,23,143.8065,11,3,-8.8065,True,Pre-PHV,PHV -2,급성장 이전,
53,안서진,2026-08-22,mps-authoring-inputs (4).xlsx,29,156.0,13,6,6.0,False,Stage 2,PHV 0,급성장기,
54,송현우,2026-08-22,mps-authoring-inputs (4).xlsx,26,158.9355,14,2,11.0645,False,Stage 2,PHV 0,급성장기,
55,백규헌,2026-08-22,mps-authoring-inputs (4).xlsx,25,157.4516,12,4,-9.4516,True,Pre-PHV,PHV -2,급성장 이전,
56,박정준,2026-08-22,mps-authoring-inputs (4).xlsx,28,156.3871,13,4,3.6129,False,Stage 1,PHV -1,가속기,
57,박건우,2026-08-22,mps-authoring-inputs (4).xlsx,220,163.9677,13,0,-7.9677,True,Stage 2,PHV 0,급성장기,
58,이승환,2026-08-14,mps-authoring-inputs (4).xlsx,30,174.0,14,10,4.0,False,Stage 3,PHV 1,감속기,
59,이도윤,2026-08-08,mps-authoring-inputs (4).xlsx,31,151.5484,12,2,-5.5484,False,Stage 1,PHV -1,가속기,
60,이송규,2026-08-05,mps-authoring-inputs (4).xlsx,260,186.9355,16,0,5.0645,False,Stage 4,PHV 2,종료기,
61,임정빈,2026-07-27,mps-authoring-inputs (4).xlsx,34,147.5484,12,10,6.4516,False,Stage 2,PHV 0,급성장기,
62,고서진,2026-07-27,mps-authoring-inputs (4).xlsx,32,162.3548,13,0,-6.3548,True,Stage 1,PHV -1,가속기,
63,강승원,2026-07-27,mps-authoring-inputs (4).xlsx,33,144.5484,11,9,-3.5484,False,Stage 1,PHV -1,가속기,
64,허정우,2026-07-25,mps-authoring-inputs (4).xlsx,41,134.9667,11,6,3.0333,False,Stage 1,PHV -1,가속기,
65,최승우,2026-07-25,mps-authoring-inputs (4).xlsx,43,135.3871,11,2,-1.3871,False,Pre-PHV,PHV -2,급성장 이전,
66,이정우,2026-07-25,mps-authoring-inputs (4).xlsx,42,137.7419,11,8,2.2581,False,Stage 1,PHV -1,가속기,
67,양승현,2026-07-25,mps-authoring-inputs (4).xlsx,39,129.2903,10,6,-3.2903,False,Stage 1,PHV -1,가속기,
68,박지우,2026-07-25,mps-authoring-inputs (4).xlsx,44,160.3226,13,0,-4.3226,False,Stage 1,PHV -1,가속기,
69,박재하,2026-07-25,mps-authoring-inputs (4).xlsx,36,115.3871,9,6,-1.3871,False,Pre-PHV,PHV -2,급성장 이전,
70,박범,2026-07-25,mps-authoring-inputs (4).xlsx,40,126.6129,9,11,-7.6129,True,Pre-PHV,PHV -2,급성장 이전,
71,김주원,2026-07-25,mps-authoring-inputs (4).xlsx,38,137.5806,13,3,21.4194,False,Stage 2,PHV 0,급성장기,
72,김건준,2026-07-25,mps-authoring-inputs (4).xlsx,37,123.2258,10,2,-1.2258,False,Pre-PHV,PHV -2,급성장 이전,
73,길시혁,2026-07-25,mps-authoring-inputs (4).xlsx,35,127.5161,10,10,2.4839,False,Stage 1,PHV -1,가속기,
74,이시준,2026-07-23,mps-authoring-inputs (4).xlsx,45,161.9667,12,10,-7.9667,True,Stage 1,PHV -1,가속기,
75,김연우,2026-07-20,mps-authoring-inputs (4).xlsx,46,196.9,1,1,,False,Stage 3,PHV 1,감속기,골연령 원자료 재확인
76,한시우,2026-07-18,mps-authoring-inputs (4).xlsx,47,152.0645,12,0,-8.0645,True,Pre-PHV,PHV -2,급성장 이전,
77,최장우,2026-07-18,mps-authoring-inputs (4).xlsx,48,152.3226,14,0,15.6774,False,Stage 3,PHV 1,감속기,
78,조요한,2026-07-18,mps-authoring-inputs (4).xlsx,49,157.1935,12,3,-10.1935,True,Pre-PHV,PHV -2,급성장 이전,
79,임태우,2026-07-15,mps-authoring-inputs (4).xlsx,50,174.1613,15,0,5.8387,False,Stage 3,PHV 1,감속기,
80,한재민,2026-07-13,mps-authoring-inputs (3).xlsx,11,135.129,10,3,-12.129,True,Pre-PHV,PHV -2,급성장 이전,
81,한동우,2026-07-13,mps-authoring-inputs (3).xlsx,7,128.9667,10,0,-8.9667,True,Pre-PHV,PHV -2,급성장 이전,
82,최건우,2026-07-13,mps-authoring-inputs (3).xlsx,6,138.0645,10,0,-18.0645,True,Pre-PHV,PHV -2,급성장 이전,
83,진강현,2026-07-13,mps-authoring-inputs (3).xlsx,16,134.0323,10,3,-11.0323,True,Pre-PHV,PHV -2,급성장 이전,
84,이주현,2026-07-13,mps-authoring-inputs (3).xlsx,9,126.7667,10,6,-0.7667,False,Pre-PHV,PHV -2,급성장 이전,
85,오승택,2026-07-13,mps-authoring-inputs (4).xlsx,51,150.9333,11,10,-8.9333,True,Pre-PHV,PHV -2,급성장 이전,
86,송진우,2026-07-13,mps-authoring-inputs (3).xlsx,17,135.9,10,2,-13.9,True,Pre-PHV,PHV -2,급성장 이전,
87,마아론,2026-07-13,mps-authoring-inputs (3).xlsx,8,133.6,10,3,-10.6,True,Pre-PHV,PHV -2,급성장 이전,
88,김준휘,2026-07-13,mps-authoring-inputs (3).xlsx,10,137.7,10,8,-9.7,True,Pre-PHV,PHV -2,급성장 이전,
89,김이준,2026-07-13,mps-authoring-inputs (3).xlsx,14,132.1935,10,4,-8.1935,True,Pre-PHV,PHV -2,급성장 이전,
90,김연후,2026-07-13,mps-authoring-inputs (3).xlsx,13,133.3871,10,3,-10.3871,True,Pre-PHV,PHV -2,급성장 이전,
91,김시원,2026-07-13,mps-authoring-inputs (3).xlsx,12,136.0,10,6,-10.0,True,Pre-PHV,PHV -2,급성장 이전,
92,길하성,2026-07-13,mps-authoring-inputs (3).xlsx,15,135.9,10,3,-12.9,True,Pre-PHV,PHV -2,급성장 이전,
93,황준서,2026-07-11,mps-authoring-inputs (4).xlsx,54,165.8,12,9,-12.8,True,Stage 1,PHV -1,가속기,
94,황시후,2026-07-11,mps-authoring-inputs (4).xlsx,55,157.8667,15,9,31.1333,False,Stage 3,PHV 1,감속기,
95,최디마,2026-07-11,mps-authoring-inputs (4).xlsx,53,171.8,13,8,-7.8,True,Stage 2,PHV 0,급성장기,
96,이도원,2026-07-11,mps-authoring-inputs (3).xlsx,18,145.0968,11,8,-5.0968,False,Pre-PHV,PHV -2,급성장 이전,
97,고은기,2026-07-11,mps-authoring-inputs (4).xlsx,52,164.4,14,0,3.6,False,Stage 3,PHV 1,감속기,
98,이준희,2026-07-08,mps-authoring-inputs (3).xlsx,19,146.7,11,4,-10.7,True,Pre-PHV,PHV -2,급성장 이전,
99,황지후,2026-07-05,mps-authoring-inputs (1).xlsx,88,143.7667,12,8,8.2333,False,Stage 2,PHV 0,급성장기,
100,황윤서,2026-07-05,mps-authoring-inputs (1).xlsx,70,139.1667,11,9,1.8333,False,Stage 1,PHV -1,가속기,
101,황서준,2026-07-05,mps-authoring-inputs (1).xlsx,4,147.6333,11,11,-4.6333,False,Stage 1,PHV -1,가속기,
102,홍지오,2026-07-05,mps-authoring-inputs (1).xlsx,90,146.1667,12,2,-0.1667,False,Stage 1,PHV -1,가속기,
103,홍재호,2026-07-05,mps-authoring-inputs (1).xlsx,58,119.9667,9,10,-1.9667,False,Pre-PHV,PHV -2,급성장 이전,
104,최희원,2026-07-05,mps-authoring-inputs (1).xlsx,107,146.9,12,6,3.1,False,Stage 2,PHV 0,급성장기,
105,최윤호,2026-07-05,mps-authoring-inputs (1).xlsx,81,143.5667,13,4,16.4333,False,Stage 2,PHV 0,급성장기,
106,최윤우,2026-07-05,mps-authoring-inputs (1).xlsx,103,150.0968,13,8,13.9032,False,Stage 2,PHV 0,급성장기,
107,채준우,2026-07-05,mps-authoring-inputs (1).xlsx,61,134.3333,11,6,3.6667,False,Stage 1,PHV -1,가속기,
108,진재율,2026-07-05,mps-authoring-inputs (1).xlsx,98,143.2,12,8,8.8,False,Stage 2,PHV 0,급성장기,
109,조정빈,2026-07-05,mps-authoring-inputs (1).xlsx,75,148.4333,12,1,-3.4333,False,Stage 1,PHV -1,가속기,
110,조이찬,2026-07-05,mps-authoring-inputs (1).xlsx,15,143.3667,11,8,-3.3667,False,Pre-PHV,PHV -2,급성장 이전,
111,조은호,2026-07-05,mps-authoring-inputs (1).xlsx,53,148.0,12,5,1.0,False,Stage 1,PHV -1,가속기,
112,정지후,2026-07-05,mps-authoring-inputs (1).xlsx,105,149.9333,12,0,-5.9333,False,Stage 1,PHV -1,가속기,
113,정지용,2026-07-05,mps-authoring-inputs (1).xlsx,102,149.2333,12,6,0.7667,False,Stage 1,PHV -1,가속기,
114,정윤성,2026-07-05,mps-authoring-inputs (1).xlsx,49,129.4,10,8,-1.4,False,Pre-PHV,PHV -2,급성장 이전,
115,정우진,2026-07-05,mps-authoring-inputs (1).xlsx,86,142.4,10,8,-14.4,True,Pre-PHV,PHV -2,급성장 이전,
116,정서하,2026-07-05,mps-authoring-inputs (1).xlsx,96,148.5667,12,0,-4.5667,False,Stage 1,PHV -1,가속기,
117,정도윤,2026-07-05,mps-authoring-inputs (1).xlsx,91,144.7333,12,6,5.2667,False,Stage 2,PHV 0,급성장기,
118,전이든,2026-07-05,mps-authoring-inputs (1).xlsx,18,146.3,12,2,-0.3,False,Stage 1,PHV -1,가속기,
119,전은성,2026-07-05,mps-authoring-inputs (1).xlsx,101,139.2333,12,0,4.7667,False,Stage 1,PHV -1,가속기,
120,장민준,2026-07-05,mps-authoring-inputs (1).xlsx,113,147.4333,13,0,8.5667,False,Stage 2,PHV 0,급성장기,
121,임준모,2026-07-05,mps-authoring-inputs (1).xlsx,94,140.4333,11,8,-0.4333,False,Stage 1,PHV -1,가속기,
122,임수열,2026-07-05,mps-authoring-inputs (1).xlsx,54,140.0,11,9,1.0,False,Pre-PHV,PHV -2,급성장 이전,
123,이찬희,2026-07-05,mps-authoring-inputs (1).xlsx,79,140.4333,10,10,-10.4333,True,Pre-PHV,PHV -2,급성장 이전,
124,이지훈,2026-07-05,mps-authoring-inputs (1).xlsx,87,143.2333,11,4,-7.2333,True,Stage 2,PHV 0,급성장기,
125,이지후,2026-07-05,mps-authoring-inputs (1).xlsx,83,130.9333,10,9,-1.9333,False,Pre-PHV,PHV -2,급성장 이전,
126,이주호,2026-07-05,mps-authoring-inputs (1).xlsx,68,141.7667,10,8,-13.7667,True,Pre-PHV,PHV -2,급성장 이전,
127,이주원,2026-07-05,mps-authoring-inputs (1).xlsx,78,143.0968,11,8,-3.0968,False,Stage 1,PHV -1,가속기,
128,이종현,2026-07-05,mps-authoring-inputs (1).xlsx,69,147.2,11,10,-5.2,False,Stage 1,PHV -1,가속기,
129,이정규,2026-07-05,mps-authoring-inputs (1).xlsx,93,133.7333,11,0,-1.7333,False,Pre-PHV,PHV -2,급성장 이전,
130,이우진,2026-07-05,mps-authoring-inputs (1).xlsx,92,147.3667,12,6,2.6333,False,Stage 2,PHV 0,급성장기,
131,이우영,2026-07-05,mps-authoring-inputs (1).xlsx,112,140.4333,10,10,-10.4333,True,Pre-PHV,PHV -2,급성장 이전,
132,이온유,2026-07-05,mps-authoring-inputs (1).xlsx,13,141.2333,12,9,11.7667,False,Stage 2,PHV 0,급성장기,
133,이시우,2026-07-05,mps-authoring-inputs (1).xlsx,76,152.7,12,4,-4.7,False,Stage 1,PHV -1,가속기,
134,이승후,2026-07-05,mps-authoring-inputs (1).xlsx,106,142.5,12,6,7.5,False,Stage 1,PHV -1,가속기,
135,이승민,2026-07-05,mps-authoring-inputs (1).xlsx,89,144.0,12,10,10.0,False,Stage 2,PHV 0,급성장기,
136,이서준,2026-07-05,mps-authoring-inputs (1).xlsx,48,128.1667,10,3,-5.1667,False,Pre-PHV,PHV -2,급성장 이전,
137,이서준,2026-07-05,mps-authoring-inputs (1).xlsx,60,138.3667,11,4,-2.3667,False,Stage 1,PHV -1,가속기,
138,이로이,2026-07-05,mps-authoring-inputs (1).xlsx,99,137.8333,11,3,-2.8333,False,Pre-PHV,PHV -2,급성장 이전,
139,이도현,2026-07-05,mps-authoring-inputs (1).xlsx,6,137.2,10,10,-7.2,True,Pre-PHV,PHV -2,급성장 이전,
140,윤지후,2026-07-05,mps-authoring-inputs (1).xlsx,44,148.5333,12,10,5.4667,False,Stage 2,PHV 0,급성장기,
141,윤서호,2026-07-05,mps-authoring-inputs (1).xlsx,19,145.4667,13,0,10.5333,False,Stage 2,PHV 0,급성장기,
142,유지훈,2026-07-05,mps-authoring-inputs (1).xlsx,51,131.7333,9,6,-17.7333,True,Pre-PHV,PHV -2,급성장 이전,
143,용준우,2026-07-05,mps-authoring-inputs (1).xlsx,100,126.9,10,6,-0.9,False,Pre-PHV,PHV -2,급성장 이전,
144,오준우,2026-07-05,mps-authoring-inputs (1).xlsx,111,141.3,10,9,-12.3,True,Pre-PHV,PHV -2,급성장 이전,
145,오은찬,2026-07-05,mps-authoring-inputs (1).xlsx,97,135.1667,10,10,-5.1667,False,Stage 1,PHV -1,가속기,
146,여정엽,2026-07-05,mps-authoring-inputs (1).xlsx,46,129.9,10,6,-3.9,False,Stage 1,PHV -1,가속기,
147,엄유식,2026-07-05,mps-authoring-inputs (1).xlsx,63,125.0645,10,3,-2.0645,False,Stage 1,PHV -1,가속기,
148,양성진,2026-07-05,mps-authoring-inputs (1).xlsx,11,147.9667,12,2,-1.9667,False,Stage 1,PHV -1,가속기,
149,안호람,2026-07-05,mps-authoring-inputs (1).xlsx,16,150.0968,12,4,-2.0968,False,Stage 2,PHV 0,급성장기,
150,안지환,2026-07-05,mps-authoring-inputs (1).xlsx,47,136.0323,11,6,1.9677,False,Stage 1,PHV -1,가속기,
151,심승우,2026-07-05,mps-authoring-inputs (1).xlsx,72,142.9,10,10,-12.9,True,Pre-PHV,PHV -2,급성장 이전,
152,신희윤,2026-07-05,mps-authoring-inputs (1).xlsx,110,147.4,12,3,-0.4,False,Stage 1,PHV -1,가속기,
153,신이현,2026-07-05,mps-authoring-inputs (1).xlsx,14,142.8667,11,6,-4.8667,False,Stage 1,PHV -1,가속기,
154,신이완,2026-07-05,mps-authoring-inputs (1).xlsx,65,148.3333,12,8,3.6667,False,Stage 2,PHV 0,급성장기,
155,손준영,2026-07-05,mps-authoring-inputs (1).xlsx,77,147.3667,12,0,-3.3667,False,Stage 1,PHV -1,가속기,
156,손승범,2026-07-05,mps-authoring-inputs (1).xlsx,73,146.2333,12,0,-2.2333,False,Stage 1,PHV -1,가속기,
157,석민준,2026-07-05,mps-authoring-inputs (1).xlsx,43,148.8,11,10,-6.8,True,Stage 1,PHV -1,가속기,
158,서윤우,2026-07-05,mps-authoring-inputs (1).xlsx,109,148.9333,11,6,-10.9333,True,Stage 1,PHV -1,가속기,
159,서유준,2026-07-05,mps-authoring-inputs (1).xlsx,5,132.7667,11,9,8.2333,False,Stage 1,PHV -1,가속기,
160,백준우,2026-07-05,mps-authoring-inputs (1).xlsx,62,144.6,14,0,23.4,False,Stage 3,PHV 1,감속기,
161,백서진,2026-07-05,mps-authoring-inputs (1).xlsx,52,134.4333,11,0,-2.4333,False,Pre-PHV,PHV -2,급성장 이전,
162,배서진,2026-07-05,mps-authoring-inputs (1).xlsx,21,150.129,12,9,2.871,False,Stage 2,PHV 0,급성장기,
163,박찬이,2026-07-05,mps-authoring-inputs (1).xlsx,42,149.6667,13,0,6.3333,False,Stage 2,PHV 0,급성장기,
164,박정우,2026-07-05,mps-authoring-inputs (1).xlsx,10,137.7667,12,0,6.2333,False,Stage 1,PHV -1,가속기,
165,박시온,2026-07-05,mps-authoring-inputs (1).xlsx,108,146.8667,12,4,1.1333,False,Stage 2,PHV 0,급성장기,
166,박성진,2026-07-05,mps-authoring-inputs (1).xlsx,104,146.6333,11,9,-5.6333,False,Stage 1,PHV -1,가속기,
167,박민혁,2026-07-05,mps-authoring-inputs (1).xlsx,82,147.5,12,0,-3.5,False,Stage 1,PHV -1,가속기,
168,박도준,2026-07-05,mps-authoring-inputs (1).xlsx,55,134.3333,11,6,3.6667,False,Stage 1,PHV -1,가속기,
169,박경준,2026-07-05,mps-authoring-inputs (1).xlsx,57,119.6,9,6,-5.6,False,Pre-PHV,PHV -2,급성장 이전,
170,박건희,2026-07-05,mps-authoring-inputs (1).xlsx,20,141.0645,13,4,18.9355,False,Stage 2,PHV 0,급성장기,
171,민노엘,2026-07-05,mps-authoring-inputs (1).xlsx,45,129.3333,10,6,-3.3333,False,Pre-PHV,PHV -2,급성장 이전,
172,문시원,2026-07-05,mps-authoring-inputs (1).xlsx,74,139.4333,12,0,4.5667,False,Stage 1,PHV -1,가속기,
173,노하준,2026-07-05,mps-authoring-inputs (1).xlsx,50,129.0645,10,9,-0.0645,False,Stage 1,PHV -1,가속기,
174,노이찬,2026-07-05,mps-authoring-inputs (1).xlsx,66,133.5,10,10,-3.5,False,Pre-PHV,PHV -2,급성장 이전,
175,김하린,2026-07-05,mps-authoring-inputs (1).xlsx,7,143.1613,12,3,3.8387,False,Stage 3,PHV 1,감속기,
176,김준이,2026-07-05,mps-authoring-inputs (1).xlsx,95,133.8667,10,9,-4.8667,False,Stage 1,PHV -1,가속기,
177,김주언,2026-07-05,mps-authoring-inputs (1).xlsx,17,142.0968,11,10,-0.0968,False,Stage 1,PHV -1,가속기,
178,김연준,2026-07-05,mps-authoring-inputs (1).xlsx,56,146.0645,12,9,6.9355,False,Stage 2,PHV 0,급성장기,
179,김승재,2026-07-05,mps-authoring-inputs (1).xlsx,80,138.8667,12,0,5.1333,False,Stage 1,PHV -1,가속기,
180,김수현,2026-07-05,mps-authoring-inputs (1).xlsx,59,139.2667,11,3,-4.2667,False,Stage 1,PHV -1,가속기,
181,김수현,2026-07-05,mps-authoring-inputs (1).xlsx,84,144.3333,11,3,-9.3333,True,Stage 1,PHV -1,가속기,
182,김서준,2026-07-05,mps-authoring-inputs (1).xlsx,12,147.0968,12,0,-3.0968,False,Pre-PHV,PHV -2,급성장 이전,
183,김민준,2026-07-05,mps-authoring-inputs (1).xlsx,8,147.4667,12,7,3.5333,False,Stage 1,PHV -1,가속기,
184,김도규,2026-07-05,mps-authoring-inputs (1).xlsx,9,147.4333,12,6,2.5667,False,Stage 2,PHV 0,급성장기,
185,강현준,2026-07-05,mps-authoring-inputs (1).xlsx,67,147.6333,12,7,3.3667,False,Stage 2,PHV 0,급성장기,
186,강승유,2026-07-05,mps-authoring-inputs (1).xlsx,85,140.3,10,11,-9.3,True,Stage 1,PHV -1,가속기,
187,강민준,2026-07-05,mps-authoring-inputs (1).xlsx,71,146.2,13,1,10.8,False,Stage 2,PHV 0,급성장기,
188,강래온,2026-07-05,mps-authoring-inputs (1).xlsx,64,137.5333,11,6,0.4667,False,Pre-PHV,PHV -2,급성장 이전,
189,황산,2026-07-04,mps-authoring-inputs (1).xlsx,115,137.4333,11,2,-3.4333,False,Stage 1,PHV -1,가속기,
190,홍승준,2026-07-04,mps-authoring-inputs (1).xlsx,153,123.4,10,0,-3.4,False,Pre-PHV,PHV -2,급성장 이전,
191,홍민기,2026-07-04,mps-authoring-inputs (1).xlsx,173,143.5333,11,10,-1.5333,False,Stage 1,PHV -1,가속기,
192,현승유,2026-07-04,mps-authoring-inputs (1).xlsx,191,144.0968,11,8,-4.0968,False,Pre-PHV,PHV -2,급성장 이전,
193,함도균,2026-07-04,mps-authoring-inputs (1).xlsx,178,140.4,10,11,-9.4,True,Pre-PHV,PHV -2,급성장 이전,
194,한재현,2026-07-04,mps-authoring-inputs (1).xlsx,125,147.2667,11,9,-6.2667,True,Stage 1,PHV -1,가속기,
195,한서준,2026-07-04,mps-authoring-inputs (1).xlsx,139,145.6,12,2,0.4,False,Stage 1,PHV -1,가속기,
196,표세혁,2026-07-04,mps-authoring-inputs (1).xlsx,141,130.0,10,0,-10.0,True,Pre-PHV,PHV -2,급성장 이전,
197,최하준,2026-07-04,mps-authoring-inputs (1).xlsx,146,147.4667,11,10,-5.4667,False,Stage 1,PHV -1,가속기,
198,최진명,2026-07-04,mps-authoring-inputs (1).xlsx,193,137.9,11,0,-5.9,False,Stage 1,PHV -1,가속기,
199,최윤수,2026-07-04,mps-authoring-inputs (1).xlsx,119,135.8667,11,6,2.1333,False,Pre-PHV,PHV -2,급성장 이전,
200,최우성,2026-07-04,mps-authoring-inputs (1).xlsx,155,145.2333,13,4,14.7667,False,Stage 2,PHV 0,급성장기,
201,최선웅,2026-07-04,mps-authoring-inputs (1).xlsx,138,140.9333,11,8,-0.9333,False,Stage 1,PHV -1,가속기,
202,진하늘,2026-07-04,mps-authoring-inputs (1).xlsx,144,127.7,10,4,-3.7,False,Pre-PHV,PHV -2,급성장 이전,
203,진채윤,2026-07-04,mps-authoring-inputs (1).xlsx,177,139.7,10,10,-9.7,True,Pre-PHV,PHV -2,급성장 이전,
204,조환희,2026-07-04,mps-authoring-inputs (1).xlsx,150,121.4,11,4,14.6,False,Stage 1,PHV -1,가속기,
205,조형우,2026-07-04,mps-authoring-inputs (1).xlsx,27,123.2667,10,6,2.7333,False,Pre-PHV,PHV -2,급성장 이전,
206,조성윤,2026-07-04,mps-authoring-inputs (1).xlsx,197,147.4667,11,8,-7.4667,True,Pre-PHV,PHV -2,급성장 이전,
207,조민유,2026-07-04,mps-authoring-inputs (1).xlsx,182,141.6333,11,8,-1.6333,False,Stage 1,PHV -1,가속기,
208,정찬,2026-07-04,mps-authoring-inputs (1).xlsx,122,134.7,11,8,5.3,False,Stage 1,PHV -1,가속기,
209,정승환,2026-07-04,mps-authoring-inputs (1).xlsx,160,141.3,11,4,-5.3,False,Pre-PHV,PHV -2,급성장 이전,
210,정민수,2026-07-04,mps-authoring-inputs (1).xlsx,36,134.7,12,3,12.3,False,Stage 1,PHV -1,가속기,
211,정강우,2026-07-04,mps-authoring-inputs (1).xlsx,203,149.3667,12,0,-5.3667,False,Stage 1,PHV -1,가속기,
212,전현준,2026-07-04,mps-authoring-inputs (1).xlsx,137,134.8,10,10,-4.8,False,Pre-PHV,PHV -2,급성장 이전,
213,전태성,2026-07-04,mps-authoring-inputs (1).xlsx,159,134.2333,11,6,3.7667,False,Stage 1,PHV -1,가속기,
214,전재윤,2026-07-04,mps-authoring-inputs (1).xlsx,123,141.3,12,0,2.7,False,Stage 2,PHV 0,급성장기,
215,전유준,2026-07-04,mps-authoring-inputs (1).xlsx,25,116.8333,9,8,-0.8333,False,Pre-PHV,PHV -2,급성장 이전,
216,임태빈,2026-07-04,mps-authoring-inputs (1).xlsx,124,147.5333,12,6,2.4667,False,Stage 1,PHV -1,가속기,
217,이후영,2026-07-04,mps-authoring-inputs (1).xlsx,198,145.2,11,10,-3.2,False,Stage 2,PHV 0,급성장기,
218,이현재,2026-07-04,mps-authoring-inputs (1).xlsx,35,146.5667,12,0,-2.5667,False,Stage 1,PHV -1,가속기,
219,이하율,2026-07-04,mps-authoring-inputs (1).xlsx,156,137.3667,11,4,-1.3667,False,Stage 1,PHV -1,가속기,
220,이하빈,2026-07-04,mps-authoring-inputs (1).xlsx,209,139.2333,11,2,-5.2333,False,Stage 1,PHV -1,가속기,
221,이중기,2026-07-04,mps-authoring-inputs (1).xlsx,174,142.4667,11,6,-4.4667,False,Pre-PHV,PHV -2,급성장 이전,
222,이준혁,2026-07-04,mps-authoring-inputs (1).xlsx,37,140.9,11,4,-4.9,False,Pre-PHV,PHV -2,급성장 이전,
223,이준혁,2026-07-04,mps-authoring-inputs (1).xlsx,140,145.8333,11,10,-3.8333,False,Stage 1,PHV -1,가속기,
224,이원재,2026-07-04,mps-authoring-inputs (1).xlsx,170,146.2,10,10,-16.2,True,Pre-PHV,PHV -2,급성장 이전,
225,이서준,2026-07-04,mps-authoring-inputs (1).xlsx,120,129.7,10,8,-1.7,False,Pre-PHV,PHV -2,급성장 이전,
226,이민재,2026-07-04,mps-authoring-inputs (1).xlsx,233,159.9667,13,8,4.0333,False,Stage 2,PHV 0,급성장기,
227,이도윤,2026-07-04,mps-authoring-inputs (1).xlsx,23,121.1333,9,10,-3.1333,False,Pre-PHV,PHV -2,급성장 이전,
228,이경표,2026-07-04,mps-authoring-inputs (1).xlsx,38,124.7667,10,6,1.2333,False,Pre-PHV,PHV -2,급성장 이전,
229,이강윤,2026-07-04,mps-authoring-inputs (1).xlsx,157,139.5667,11,4,-3.5667,False,Stage 1,PHV -1,가속기,
230,윤찬영,2026-07-04,mps-authoring-inputs (1).xlsx,196,132.5333,10,9,-3.5333,False,Stage 1,PHV -1,가속기,
231,윤예준,2026-07-04,mps-authoring-inputs (1).xlsx,183,136.0645,11,0,-4.0645,False,Stage 1,PHV -1,가속기,
232,윤성진,2026-07-04,mps-authoring-inputs (1).xlsx,118,144.2333,12,0,-0.2333,False,Stage 1,PHV -1,가속기,
233,유하준,2026-07-04,mps-authoring-inputs (1).xlsx,164,145.9,11,10,-3.9,False,Pre-PHV,PHV -2,급성장 이전,
234,원예준,2026-07-04,mps-authoring-inputs (1).xlsx,152,138.1667,10,10,-8.1667,True,Pre-PHV,PHV -2,급성장 이전,
235,원도윤,2026-07-04,mps-authoring-inputs (1).xlsx,131,130.7,9,10,-12.7,True,Pre-PHV,PHV -2,급성장 이전,
236,오지환,2026-07-04,mps-authoring-inputs (1).xlsx,114,149.1667,12,6,0.8333,False,Stage 1,PHV -1,가속기,
237,오서준,2026-07-04,mps-authoring-inputs (1).xlsx,195,144.5333,11,3,-9.5333,True,Pre-PHV,PHV -2,급성장 이전,
238,양한울,2026-07-04,mps-authoring-inputs (1).xlsx,39,132.6,11,8,7.4,False,Stage 1,PHV -1,가속기,
239,안하윤,2026-07-04,mps-authoring-inputs (1).xlsx,169,149.0,12,6,1.0,False,Stage 1,PHV -1,가속기,
240,안태율,2026-07-04,mps-authoring-inputs (1).xlsx,163,143.7333,12,6,6.2667,False,Stage 2,PHV 0,급성장기,
241,안유하,2026-07-04,mps-authoring-inputs (1).xlsx,142,124.9667,10,8,3.0333,False,Stage 2,PHV 0,급성장기,
242,안리후,2026-07-04,mps-authoring-inputs (1).xlsx,135,142.1667,11,6,-4.1667,False,Stage 1,PHV -1,가속기,
243,심도현,2026-07-04,mps-authoring-inputs (1).xlsx,127,137.6667,10,6,-11.6667,True,Pre-PHV,PHV -2,급성장 이전,
244,신태민,2026-07-04,mps-authoring-inputs (1).xlsx,176,140.0,10,4,-16.0,True,Pre-PHV,PHV -2,급성장 이전,
245,신주호,2026-07-04,mps-authoring-inputs (1).xlsx,32,137.8667,10,10,-7.8667,True,Pre-PHV,PHV -2,급성장 이전,
246,신이원,2026-07-04,mps-authoring-inputs (1).xlsx,185,131.0968,10,8,-3.0968,False,Pre-PHV,PHV -2,급성장 이전,
247,신은찬,2026-07-04,mps-authoring-inputs (1).xlsx,181,132.0323,10,6,-6.0323,True,Pre-PHV,PHV -2,급성장 이전,
248,신우영,2026-07-04,mps-authoring-inputs (1).xlsx,31,136.6,11,0,-4.6,False,Pre-PHV,PHV -2,급성장 이전,
249,신연재,2026-07-04,mps-authoring-inputs (1).xlsx,165,147.9667,12,8,4.0333,False,Stage 2,PHV 0,급성장기,
250,송진후,2026-07-04,mps-authoring-inputs (1).xlsx,194,128.4667,10,2,-6.4667,True,Pre-PHV,PHV -2,급성장 이전,
251,손지섭,2026-07-04,mps-authoring-inputs (1).xlsx,211,147.4,11,10,-5.4,False,Stage 1,PHV -1,가속기,
252,서민준,2026-07-04,mps-authoring-inputs (1).xlsx,179,146.0645,11,10,-4.0645,False,Stage 1,PHV -1,가속기,
253,서강희,2026-07-04,mps-authoring-inputs (1).xlsx,162,140.3333,11,8,-0.3333,False,Stage 1,PHV -1,가속기,
254,박한울,2026-07-04,mps-authoring-inputs (1).xlsx,130,150.0323,12,3,-3.0323,False,Stage 2,PHV 0,급성장기,
255,박준우,2026-07-04,mps-authoring-inputs (1).xlsx,199,137.7333,12,3,9.2667,False,Stage 2,PHV 0,급성장기,
256,박설후,2026-07-04,mps-authoring-inputs (1).xlsx,166,139.0968,11,8,0.9032,False,Pre-PHV,PHV -2,급성장 이전,
257,박상현,2026-07-04,mps-authoring-inputs (1).xlsx,22,119.0968,9,8,-3.0968,False,Pre-PHV,PHV -2,급성장 이전,
258,박규진,2026-07-04,mps-authoring-inputs (1).xlsx,148,146.5667,11,10,-4.5667,False,Stage 1,PHV -1,가속기,
259,문준혁,2026-07-04,mps-authoring-inputs (1).xlsx,154,149.5667,12,0,-5.5667,False,Stage 1,PHV -1,가속기,
260,문준서,2026-07-04,mps-authoring-inputs (1).xlsx,145,123.9667,9,10,-5.9667,False,Pre-PHV,PHV -2,급성장 이전,
261,김현우,2026-07-04,mps-authoring-inputs (1).xlsx,212,150.0645,12,0,-6.0645,True,Stage 1,PHV -1,가속기,
262,김한결,2026-07-04,mps-authoring-inputs (1).xlsx,24,130.7667,10,6,-4.7667,False,Pre-PHV,PHV -2,급성장 이전,
263,김하준,2026-07-04,mps-authoring-inputs (1).xlsx,202,133.8667,10,10,-3.8667,False,Pre-PHV,PHV -2,급성장 이전,
264,김하늘,2026-07-04,mps-authoring-inputs (1).xlsx,189,140.0968,11,0,-8.0968,True,Pre-PHV,PHV -2,급성장 이전,
265,김태호,2026-07-04,mps-authoring-inputs (1).xlsx,116,147.0323,11,9,-6.0323,True,Pre-PHV,PHV -2,급성장 이전,
266,김지율,2026-07-04,mps-authoring-inputs (1).xlsx,180,131.1333,10,10,-1.1333,False,Stage 1,PHV -1,가속기,
267,김지우,2026-07-04,mps-authoring-inputs (1).xlsx,34,119.3,10,2,2.7,False,Pre-PHV,PHV -2,급성장 이전,
268,김지오,2026-07-04,mps-authoring-inputs (1).xlsx,187,125.0968,10,3,-2.0968,False,Pre-PHV,PHV -2,급성장 이전,
269,김준우,2026-07-04,mps-authoring-inputs (1).xlsx,29,115.6,9,4,-3.6,False,Pre-PHV,PHV -2,급성장 이전,
270,김준,2026-07-04,mps-authoring-inputs (1).xlsx,172,149.9667,12,6,0.0333,False,Stage 1,PHV -1,가속기,
271,김주현,2026-07-04,mps-authoring-inputs (1).xlsx,134,135.4,11,0,-3.4,False,Stage 1,PHV -1,가속기,
272,김주하,2026-07-04,mps-authoring-inputs (1).xlsx,190,128.3667,10,9,0.6333,False,Stage 1,PHV -1,가속기,
273,김주원,2026-07-04,mps-authoring-inputs (1).xlsx,151,142.8667,11,8,-2.8667,False,Stage 1,PHV -1,가속기,
274,김주원,2026-07-04,mps-authoring-inputs (1).xlsx,201,138.9,11,2,-4.9,False,Pre-PHV,PHV -2,급성장 이전,
275,김재환,2026-07-04,mps-authoring-inputs (1).xlsx,167,143.0323,11,8,-3.0323,False,Stage 1,PHV -1,가속기,
276,김재원,2026-07-04,mps-authoring-inputs (1).xlsx,147,129.5333,10,0,-9.5333,True,Pre-PHV,PHV -2,급성장 이전,
277,김재원,2026-07-04,mps-authoring-inputs (1).xlsx,158,143.4667,11,8,-3.4667,False,Stage 1,PHV -1,가속기,
278,김이안,2026-07-04,mps-authoring-inputs (1).xlsx,126,140.5,11,3,-5.5,False,Pre-PHV,PHV -2,급성장 이전,
279,김은우,2026-07-04,mps-authoring-inputs (1).xlsx,184,132.5,10,10,-2.5,False,Pre-PHV,PHV -2,급성장 이전,
280,김우경,2026-07-04,mps-authoring-inputs (1).xlsx,175,144.1333,12,8,7.8667,False,Stage 2,PHV 0,급성장기,
281,김요셉,2026-07-04,mps-authoring-inputs (1).xlsx,129,133.0323,11,3,1.9677,False,Stage 1,PHV -1,가속기,
282,김예준,2026-07-04,mps-authoring-inputs (1).xlsx,33,123.4,9,10,-5.4,False,Pre-PHV,PHV -2,급성장 이전,
283,김연호,2026-07-04,mps-authoring-inputs (1).xlsx,132,128.1333,10,6,-2.1333,False,Pre-PHV,PHV -2,급성장 이전,
284,김시윤,2026-07-04,mps-authoring-inputs (1).xlsx,200,129.0,10,6,-3.0,False,Pre-PHV,PHV -2,급성장 이전,
285,김세진,2026-07-04,mps-authoring-inputs (1).xlsx,143,137.3667,11,0,-5.3667,False,Pre-PHV,PHV -2,급성장 이전,
286,김성환,2026-07-04,mps-authoring-inputs (1).xlsx,149,149.0323,12,0,-5.0323,False,Stage 1,PHV -1,가속기,
287,김민찬,2026-07-04,mps-authoring-inputs (1).xlsx,186,132.9333,10,10,-2.9333,False,Pre-PHV,PHV -2,급성장 이전,
288,김민준,2026-07-04,mps-authoring-inputs (1).xlsx,30,124.5667,11,6,13.4333,False,Pre-PHV,PHV -2,급성장 이전,
289,김민재,2026-07-04,mps-authoring-inputs (1).xlsx,161,143.7667,12,6,6.2333,False,Stage 2,PHV 0,급성장기,
290,김로빈,2026-07-04,mps-authoring-inputs (1).xlsx,26,121.5,9,9,-4.5,False,Pre-PHV,PHV -2,급성장 이전,
291,김동후,2026-07-04,mps-authoring-inputs (1).xlsx,128,147.2667,12,8,4.7333,False,Stage 2,PHV 0,급성장기,
292,김도훈,2026-07-04,mps-authoring-inputs (1).xlsx,28,121.0323,9,10,-3.0323,False,Pre-PHV,PHV -2,급성장 이전,
293,김도진,2026-07-04,mps-authoring-inputs (1).xlsx,171,148.2667,12,6,1.7333,False,Stage 2,PHV 0,급성장기,
294,김다을,2026-07-04,mps-authoring-inputs (1).xlsx,192,136.7667,11,3,-1.7667,False,Stage 1,PHV -1,가속기,
295,권율,2026-07-04,mps-authoring-inputs (1).xlsx,121,134.9,11,3,0.1,False,Pre-PHV,PHV -2,급성장 이전,
296,곽민규,2026-07-04,mps-authoring-inputs (1).xlsx,168,148.4,11,2,-14.4,True,Stage 1,PHV -1,가속기,
297,고시후,2026-07-04,mps-authoring-inputs (1).xlsx,40,131.1333,10,6,-5.1333,False,Pre-PHV,PHV -2,급성장 이전,
298,강유찬,2026-07-04,mps-authoring-inputs (1).xlsx,136,121.9,10,6,4.1,False,Pre-PHV,PHV -2,급성장 이전,
299,강민성,2026-07-04,mps-authoring-inputs (1).xlsx,133,148.0968,12,8,3.9032,False,Stage 2,PHV 0,급성장기,
300,강민규,2026-07-04,mps-authoring-inputs (1).xlsx,188,137.9667,11,0,-5.9667,False,Pre-PHV,PHV -2,급성장 이전,
301,강도연,2026-07-04,mps-authoring-inputs (1).xlsx,117,146.7333,12,0,-2.7333,False,Stage 1,PHV -1,가속기,
302,황휴재승,2026-07-03,mps-authoring-inputs (1).xlsx,218,149.6333,11,8,-9.6333,True,Pre-PHV,PHV -2,급성장 이전,
303,황해율,2026-07-03,mps-authoring-inputs (1).xlsx,259,149.7667,13,10,16.2333,False,Stage 3,PHV 1,감속기,
304,황이안,2026-07-03,mps-authoring-inputs (1).xlsx,283,149.7,12,8,2.3,False,Stage 2,PHV 0,급성장기,
305,홍서원,2026-07-03,mps-authoring-inputs (1).xlsx,238,131.8333,10,10,-1.8333,False,Pre-PHV,PHV -2,급성장 이전,
306,현정우,2026-07-03,mps-authoring-inputs (1).xlsx,338,132.8333,10,10,-2.8333,False,Pre-PHV,PHV -2,급성장 이전,
307,허윤,2026-07-03,mps-authoring-inputs (1).xlsx,288,144.4,12,6,5.6,False,Stage 2,PHV 0,급성장기,
308,한슬우,2026-07-03,mps-authoring-inputs (1).xlsx,244,141.5,11,10,0.5,False,Pre-PHV,PHV -2,급성장 이전,
309,한결,2026-07-03,mps-authoring-inputs (1).xlsx,337,133.0323,10,8,-5.0323,False,Pre-PHV,PHV -2,급성장 이전,
310,하정우,2026-07-03,mps-authoring-inputs (1).xlsx,267,149.4,12,6,0.6,False,Stage 1,PHV -1,가속기,
311,프란체스코,2026-07-03,mps-authoring-inputs (1).xlsx,302,145.6,12,0,-1.6,False,Stage 1,PHV -1,가속기,
312,최주원,2026-07-03,mps-authoring-inputs (1).xlsx,213,143.5333,11,3,-8.5333,True,Pre-PHV,PHV -2,급성장 이전,
313,최시우,2026-07-03,mps-authoring-inputs (1).xlsx,340,137.3667,11,0,-5.3667,False,Stage 1,PHV -1,가속기,
314,최선호,2026-07-03,mps-authoring-inputs (1).xlsx,205,141.7,11,4,-5.7,False,Stage 1,PHV -1,가속기,
315,지승유,2026-07-03,mps-authoring-inputs (1).xlsx,320,135.3,10,8,-7.3,True,Pre-PHV,PHV -2,급성장 이전,
316,주선우,2026-07-03,mps-authoring-inputs (1).xlsx,331,147.2,14,10,30.8,False,Stage 3,PHV 1,감속기,
317,조희준,2026-07-03,mps-authoring-inputs (1).xlsx,307,139.5333,11,6,-1.5333,False,Stage 1,PHV -1,가속기,
318,조주원,2026-07-03,mps-authoring-inputs (1).xlsx,241,134.8,10,11,-3.8,False,Stage 1,PHV -1,가속기,
319,조유안,2026-07-03,mps-authoring-inputs (1).xlsx,236,139.3333,11,6,-1.3333,False,Pre-PHV,PHV -2,급성장 이전,
320,조성환,2026-07-03,mps-authoring-inputs (1).xlsx,325,141.9,11,7,-2.9,False,Stage 1,PHV -1,가속기,
321,정하준,2026-07-03,mps-authoring-inputs (1).xlsx,312,148.2667,12,0,-4.2667,False,Pre-PHV,PHV -2,급성장 이전,
322,정주원,2026-07-03,mps-authoring-inputs (1).xlsx,269,143.0323,12,2,2.9677,False,Stage 1,PHV -1,가속기,
323,정우인,2026-07-03,mps-authoring-inputs (1).xlsx,250,145.1667,11,0,-13.1667,True,Pre-PHV,PHV -2,급성장 이전,
324,전태양,2026-07-03,mps-authoring-inputs (1).xlsx,261,147.4333,11,0,-15.4333,True,Pre-PHV,PHV -2,급성장 이전,
325,전우빈,2026-07-03,mps-authoring-inputs (1).xlsx,291,142.8,11,8,-2.8,False,Pre-PHV,PHV -2,급성장 이전,
326,장하준,2026-07-03,mps-authoring-inputs (1).xlsx,232,147.3667,11,6,-9.3667,True,Stage 1,PHV -1,가속기,
327,장지우,2026-07-03,mps-authoring-inputs (1).xlsx,285,132.5,10,10,-2.5,False,Pre-PHV,PHV -2,급성장 이전,
328,장이진,2026-07-03,mps-authoring-inputs (1).xlsx,268,157.2,14,6,16.8,False,Stage 3,PHV 1,감속기,
329,임창중,2026-07-03,mps-authoring-inputs (1).xlsx,221,144.4333,11,7,-5.4333,False,Pre-PHV,PHV -2,급성장 이전,
330,임지후,2026-07-03,mps-authoring-inputs (1).xlsx,254,140.4333,11,2,-6.4333,True,Stage 1,PHV -1,가속기,
331,임윤성,2026-07-03,mps-authoring-inputs (1).xlsx,229,142.3,12,4,5.7,False,Stage 2,PHV 0,급성장기,
332,임도윤,2026-07-03,mps-authoring-inputs (1).xlsx,284,136.3333,11,10,5.6667,False,Stage 1,PHV -1,가속기,
333,임경수,2026-07-03,mps-authoring-inputs (1).xlsx,301,148.5,12,0,-4.5,False,Stage 1,PHV -1,가속기,
334,임강우,2026-07-03,mps-authoring-inputs (1).xlsx,310,135.5667,11,6,2.4333,False,Stage 1,PHV -1,가속기,
335,이희수,2026-07-03,mps-authoring-inputs (1).xlsx,277,147.0323,11,11,-4.0323,False,Stage 1,PHV -1,가속기,
336,이현규,2026-07-03,mps-authoring-inputs (1).xlsx,219,148.9,12,0,-4.9,False,Stage 1,PHV -1,가속기,
337,이태영,2026-07-03,mps-authoring-inputs (1).xlsx,220,149.4,12,9,3.6,False,Stage 1,PHV -1,가속기,
338,이지율,2026-07-03,mps-authoring-inputs (1).xlsx,322,110.0645,9,0,-2.0645,False,Pre-PHV,PHV -2,급성장 이전,
339,이준희,2026-07-03,mps-authoring-inputs (1).xlsx,252,140.4333,12,0,3.5667,False,Stage 1,PHV -1,가속기,
340,이제후,2026-07-03,mps-authoring-inputs (1).xlsx,279,145.7,12,8,6.3,False,Stage 2,PHV 0,급성장기,
341,이정우,2026-07-03,mps-authoring-inputs (1).xlsx,214,139.1333,11,6,-1.1333,False,Pre-PHV,PHV -2,급성장 이전,
342,이재윤,2026-07-03,mps-authoring-inputs (1).xlsx,318,148.4333,12,0,-4.4333,False,Stage 2,PHV 0,급성장기,
343,이이섭,2026-07-03,mps-authoring-inputs (1).xlsx,224,143.7667,11,8,-3.7667,False,Stage 1,PHV -1,가속기,
344,이예준,2026-07-03,mps-authoring-inputs (1).xlsx,334,146.5333,12,0,-2.5333,False,Stage 2,PHV 0,급성장기,
345,이연후,2026-07-03,mps-authoring-inputs (1).xlsx,256,149.6667,12,3,-2.6667,False,Stage 1,PHV -1,가속기,
346,이연준,2026-07-03,mps-authoring-inputs (1).xlsx,330,145.2,12,10,8.8,False,Stage 1,PHV -1,가속기,
347,이승주,2026-07-03,mps-authoring-inputs (1).xlsx,248,145.9333,10,10,-15.9333,True,Pre-PHV,PHV -2,급성장 이전,
348,이승재,2026-07-03,mps-authoring-inputs (1).xlsx,235,144.8667,12,8,7.1333,False,Stage 2,PHV 0,급성장기,
349,이세민,2026-07-03,mps-authoring-inputs (1).xlsx,210,146.4,11,9,-5.4,False,Stage 1,PHV -1,가속기,
350,이성윤,2026-07-03,mps-authoring-inputs (1).xlsx,317,141.9333,12,6,8.0667,False,Stage 2,PHV 0,급성장기,
351,이서준,2026-07-03,mps-authoring-inputs (1).xlsx,225,144.5667,12,3,2.4333,False,Stage 1,PHV -1,가속기,
352,이서율,2026-07-03,mps-authoring-inputs (1).xlsx,311,135.7,11,9,5.3,False,Stage 1,PHV -1,가속기,
353,이범호,2026-07-03,mps-authoring-inputs (1).xlsx,332,144.5667,12,6,5.4333,False,Stage 2,PHV 0,급성장기,
354,이래원,2026-07-03,mps-authoring-inputs (1).xlsx,242,149.7667,12,7,1.2333,False,Stage 2,PHV 0,급성장기,
355,이도형,2026-07-03,mps-authoring-inputs (1).xlsx,290,147.9333,12,6,2.0667,False,Stage 2,PHV 0,급성장기,
356,이도준,2026-07-03,mps-authoring-inputs (1).xlsx,292,141.8,12,0,2.2,False,Stage 1,PHV -1,가속기,
357,윤희재,2026-07-03,mps-authoring-inputs (1).xlsx,207,140.6333,11,9,0.3667,False,Stage 1,PHV -1,가속기,
358,윤유준,2026-07-03,mps-authoring-inputs (1).xlsx,215,147.3333,11,6,-9.3333,True,Pre-PHV,PHV -2,급성장 이전,
359,윤시영,2026-07-03,mps-authoring-inputs (1).xlsx,287,137.4,11,6,0.6,False,Stage 1,PHV -1,가속기,
360,윤소망,2026-07-03,mps-authoring-inputs (1).xlsx,281,138.6,11,0,-6.6,True,Pre-PHV,PHV -2,급성장 이전,
361,윤상진,2026-07-03,mps-authoring-inputs (1).xlsx,206,147.6667,12,8,4.3333,False,Stage 2,PHV 0,급성장기,
362,윤동민,2026-07-03,mps-authoring-inputs (1).xlsx,246,148.5333,12,10,5.4667,False,Stage 2,PHV 0,급성장기,
363,유지우,2026-07-03,mps-authoring-inputs (1).xlsx,313,113.5333,10,8,14.4667,False,Pre-PHV,PHV -2,급성장 이전,
364,유예준,2026-07-03,mps-authoring-inputs (1).xlsx,321,129.9667,10,10,0.0333,False,Pre-PHV,PHV -2,급성장 이전,
365,유연호,2026-07-03,mps-authoring-inputs (1).xlsx,216,147.2667,12,0,-3.2667,False,Stage 2,PHV 0,급성장기,
366,유수현,2026-07-03,mps-authoring-inputs (1).xlsx,247,148.5,12,8,3.5,False,Stage 2,PHV 0,급성장기,
367,우하준,2026-07-03,mps-authoring-inputs (1).xlsx,280,144.6667,11,10,-2.6667,False,Stage 1,PHV -1,가속기,
368,오성훈,2026-07-03,mps-authoring-inputs (1).xlsx,240,147.7333,12,6,2.2667,False,Stage 2,PHV 0,급성장기,
369,양주환,2026-07-03,mps-authoring-inputs (1).xlsx,223,145.1333,12,4,2.8667,False,Stage 2,PHV 0,급성장기,
370,양승혁,2026-07-03,mps-authoring-inputs (1).xlsx,286,134.2,11,0,-2.2,False,Pre-PHV,PHV -2,급성장 이전,
371,양승주,2026-07-03,mps-authoring-inputs (1).xlsx,289,148.9667,11,2,-14.9667,True,Stage 2,PHV 0,급성장기,
372,안서인,2026-07-03,mps-authoring-inputs (1).xlsx,315,131.2667,10,6,-5.2667,False,Pre-PHV,PHV -2,급성장 이전,
373,심찬율,2026-07-03,mps-authoring-inputs (1).xlsx,217,146.5667,11,8,-6.5667,True,Pre-PHV,PHV -2,급성장 이전,
374,심주원,2026-07-03,mps-authoring-inputs (1).xlsx,272,149.7333,12,8,2.2667,False,Stage 2,PHV 0,급성장기,
375,심도재,2026-07-03,mps-authoring-inputs (1).xlsx,305,141.2,12,2,4.8,False,Stage 2,PHV 0,급성장기,
376,신재민,2026-07-03,mps-authoring-inputs (1).xlsx,335,129.6,10,0,-9.6,True,Pre-PHV,PHV -2,급성장 이전,
377,신유찬,2026-07-03,mps-authoring-inputs (1).xlsx,304,141.0323,10,6,-15.0323,True,Pre-PHV,PHV -2,급성장 이전,
378,신연우,2026-07-03,mps-authoring-inputs (1).xlsx,323,140.7333,11,9,0.2667,False,Pre-PHV,PHV -2,급성장 이전,
379,송하준,2026-07-03,mps-authoring-inputs (1).xlsx,255,139.7333,11,4,-3.7333,False,Pre-PHV,PHV -2,급성장 이전,
380,송대근,2026-07-03,mps-authoring-inputs (1).xlsx,237,148.6667,13,2,9.3333,False,Stage 2,PHV 0,급성장기,
381,송건오,2026-07-03,mps-authoring-inputs (1).xlsx,231,144.3667,12,3,2.6333,False,Stage 1,PHV -1,가속기,
382,성윤,2026-07-03,mps-authoring-inputs (1).xlsx,308,98.8667,8,3,0.1333,False,Pre-PHV,PHV -2,급성장 이전,
383,성민호,2026-07-03,mps-authoring-inputs (1).xlsx,276,138.4667,11,2,-4.4667,False,Stage 1,PHV -1,가속기,
384,서이온,2026-07-03,mps-authoring-inputs (1).xlsx,266,148.2667,13,0,7.7333,False,Stage 1,PHV -1,가속기,
385,서윤혁,2026-07-03,mps-authoring-inputs (1).xlsx,230,139.1,11,4,-3.1,False,Pre-PHV,PHV -2,급성장 이전,
386,박현수,2026-07-03,mps-authoring-inputs (1).xlsx,262,146.0323,12,0,-2.0323,False,Pre-PHV,PHV -2,급성장 이전,
387,박정진,2026-07-03,mps-authoring-inputs (1).xlsx,227,148.4333,13,3,10.5667,False,Stage 2,PHV 0,급성장기,
388,박시오,2026-07-03,mps-authoring-inputs (1).xlsx,271,141.5333,11,10,0.4667,False,Stage 1,PHV -1,가속기,
389,박서준,2026-07-03,mps-authoring-inputs (1).xlsx,303,142.0645,11,0,-10.0645,True,Pre-PHV,PHV -2,급성장 이전,
390,박민현,2026-07-03,mps-authoring-inputs (1).xlsx,264,127.0323,10,10,2.9677,False,Pre-PHV,PHV -2,급성장 이전,
391,박민규,2026-07-03,mps-authoring-inputs (1).xlsx,245,148.9,11,8,-8.9,True,Stage 2,PHV 0,급성장기,
392,박동주,2026-07-03,mps-authoring-inputs (1).xlsx,333,132.7667,10,8,-4.7667,False,Stage 1,PHV -1,가속기,
393,박대완,2026-07-03,mps-authoring-inputs (1).xlsx,297,149.3,12,0,-5.3,False,Stage 1,PHV -1,가속기,
394,문유호,2026-07-03,mps-authoring-inputs (1).xlsx,260,147.3,12,11,7.7,False,Stage 1,PHV -1,가속기,
395,명선호,2026-07-03,mps-authoring-inputs (1).xlsx,257,140.9,11,6,-2.9,False,Pre-PHV,PHV -2,급성장 이전,
396,류근하,2026-07-03,mps-authoring-inputs (1).xlsx,253,146.2,12,8,5.8,False,Stage 2,PHV 0,급성장기,
397,노윤성,2026-07-03,mps-authoring-inputs (1).xlsx,226,143.1,12,6,6.9,False,Stage 1,PHV -1,가속기,
398,나건희,2026-07-03,mps-authoring-inputs (1).xlsx,234,136.3,11,6,1.7,False,Stage 1,PHV -1,가속기,
399,김환,2026-07-03,mps-authoring-inputs (1).xlsx,282,140.5333,12,2,5.4667,False,Stage 1,PHV -1,가속기,
400,김현진,2026-07-03,mps-authoring-inputs (1).xlsx,299,147.4667,11,10,-5.4667,False,Pre-PHV,PHV -2,급성장 이전,
401,김현유,2026-07-03,mps-authoring-inputs (1).xlsx,243,145.8,11,10,-3.8,False,Pre-PHV,PHV -2,급성장 이전,
402,김하진,2026-07-03,mps-authoring-inputs (1).xlsx,263,147.3667,10,8,-19.3667,True,Pre-PHV,PHV -2,급성장 이전,
403,김태지,2026-07-03,mps-authoring-inputs (1).xlsx,270,136.9333,11,3,-1.9333,False,Stage 1,PHV -1,가속기,
404,김태양,2026-07-03,mps-authoring-inputs (1).xlsx,251,140.8667,11,0,-8.8667,True,Stage 1,PHV -1,가속기,
405,김진우,2026-07-03,mps-authoring-inputs (1).xlsx,298,144.5667,9,10,-26.5667,True,Pre-PHV,PHV -2,급성장 이전,
406,김지한,2026-07-03,mps-authoring-inputs (1).xlsx,326,143.3,12,3,3.7,False,Stage 1,PHV -1,가속기,
407,김지온,2026-07-03,mps-authoring-inputs (1).xlsx,314,148.4,11,9,-7.4,True,Stage 1,PHV -1,가속기,
408,김준희,2026-07-03,mps-authoring-inputs (1).xlsx,274,145.4333,12,6,4.5667,False,Stage 2,PHV 0,급성장기,
409,김주원,2026-07-03,mps-authoring-inputs (1).xlsx,265,147.1333,12,6,2.8667,False,Stage 2,PHV 0,급성장기,
410,김제이든서준,2026-07-03,mps-authoring-inputs (1).xlsx,296,139.6,11,3,-4.6,False,Pre-PHV,PHV -2,급성장 이전,
411,김율태,2026-07-03,mps-authoring-inputs (1).xlsx,208,144.1,11,0,-12.1,True,Pre-PHV,PHV -2,급성장 이전,
412,김우열,2026-07-03,mps-authoring-inputs (1).xlsx,328,144.4333,11,6,-6.4333,True,Pre-PHV,PHV -2,급성장 이전,
413,김영준,2026-07-03,mps-authoring-inputs (1).xlsx,294,143.4333,12,9,9.5667,False,Stage 2,PHV 0,급성장기,
414,김시환,2026-07-03,mps-authoring-inputs (1).xlsx,249,142.4,11,8,-2.4,False,Stage 1,PHV -1,가속기,
415,김승준,2026-07-03,mps-authoring-inputs (1).xlsx,204,141.7667,11,6,-3.7667,False,Pre-PHV,PHV -2,급성장 이전,
416,김세현,2026-07-03,mps-authoring-inputs (1).xlsx,273,144.9,12,2,1.1,False,Stage 1,PHV -1,가속기,
417,김선재,2026-07-03,mps-authoring-inputs (1).xlsx,295,139.7667,12,6,10.2333,False,Stage 1,PHV -1,가속기,
418,김범준,2026-07-03,mps-authoring-inputs (1).xlsx,222,145.2667,12,8,6.7333,False,Stage 2,PHV 0,급성장기,
419,김민준,2026-07-03,mps-authoring-inputs (1).xlsx,339,147.9333,12,0,-3.9333,False,Stage 1,PHV -1,가속기,
420,김민유,2026-07-03,mps-authoring-inputs (1).xlsx,228,148.9,13,0,7.1,False,Stage 2,PHV 0,급성장기,
421,김리우,2026-07-03,mps-authoring-inputs (1).xlsx,239,140.4333,12,8,11.5667,False,Stage 3,PHV 1,감속기,
422,김도현,2026-07-03,mps-authoring-inputs (1).xlsx,300,140.4667,11,6,-2.4667,False,Pre-PHV,PHV -2,급성장 이전,
423,김도현,2026-07-03,mps-authoring-inputs (1).xlsx,306,141.7,12,0,2.3,False,Stage 1,PHV -1,가속기,
424,김도윤,2026-07-03,mps-authoring-inputs (1).xlsx,278,144.0323,12,10,9.9677,False,Stage 2,PHV 0,급성장기,
425,김도유,2026-07-03,mps-authoring-inputs (1).xlsx,293,145.5,12,0,-1.5,False,Stage 1,PHV -1,가속기,
426,김도영,2026-07-03,mps-authoring-inputs (1).xlsx,319,129.1333,11,3,5.8667,False,Pre-PHV,PHV -2,급성장 이전,
427,김도엽,2026-07-03,mps-authoring-inputs (1).xlsx,324,131.3667,11,0,0.6333,False,Stage 1,PHV -1,가속기,
428,김기주,2026-07-03,mps-authoring-inputs (1).xlsx,341,136.6,10,11,-5.6,False,Stage 1,PHV -1,가속기,
429,김규민,2026-07-03,mps-authoring-inputs (1).xlsx,329,137.7,11,9,3.3,False,Stage 1,PHV -1,가속기,
430,김강빈,2026-07-03,mps-authoring-inputs (1).xlsx,316,147.1667,11,9,-6.1667,True,Pre-PHV,PHV -2,급성장 이전,
431,권용우,2026-07-03,mps-authoring-inputs (1).xlsx,336,136.4,11,6,1.6,False,Stage 1,PHV -1,가속기,
432,강지율,2026-07-03,mps-authoring-inputs (1).xlsx,41,144.7,11,10,-2.7,False,Stage 1,PHV -1,가속기,
433,강지우,2026-07-03,mps-authoring-inputs (1).xlsx,309,97.4333,8,6,4.5667,False,Pre-PHV,PHV -2,급성장 이전,
434,강윤우,2026-07-03,mps-authoring-inputs (1).xlsx,275,139.2,11,6,-1.2,False,Pre-PHV,PHV -2,급성장 이전,
435,강유찬,2026-07-03,mps-authoring-inputs (1).xlsx,258,146.5,11,6,-8.5,True,Pre-PHV,PHV -2,급성장 이전,
436,강건,2026-07-03,mps-authoring-inputs (1).xlsx,327,143.0968,12,6,6.9032,False,Stage 1,PHV -1,가속기,
437,이훈,2026-06-27,mps-authoring-inputs (4).xlsx,56,155.7333,13,2,2.2667,False,Stage 2,PHV 0,급성장기,
438,김윤우,2026-06-26,mps-authoring-inputs (4).xlsx,57,141.5333,12,0,2.4667,False,Stage 2,PHV 0,급성장기,
439,박도현,2026-06-24,mps-authoring-inputs (4).xlsx,58,161.6333,13,9,3.3667,False,Stage 3,PHV 1,감속기,
440,황정훈,2026-06-14,mps-authoring-inputs (2).xlsx,89,155.3333,12,8,-3.3333,False,Stage 1,PHV -1,가속기,
441,홍승현,2026-06-14,mps-authoring-inputs (2).xlsx,124,160.7097,14,6,13.2903,False,Stage 3,PHV 1,감속기,
442,한태하,2026-06-14,mps-authoring-inputs (2).xlsx,82,153.2667,12,3,-6.2667,True,Stage 1,PHV -1,가속기,
443,편준우,2026-06-14,mps-authoring-inputs (2).xlsx,85,160.3333,13,0,-4.3333,False,Stage 1,PHV -1,가속기,
444,최황수,2026-06-14,mps-authoring-inputs (2).xlsx,117,161.0333,13,0,-5.0333,False,Stage 1,PHV -1,가속기,
445,차유건,2026-06-14,mps-authoring-inputs (2).xlsx,54,158.5806,13,9,6.4194,False,Stage 2,PHV 0,급성장기,
446,조하진,2026-06-14,mps-authoring-inputs (2).xlsx,91,158.0333,13,3,0.9667,False,Stage 1,PHV -1,가속기,
447,조정욱,2026-06-14,mps-authoring-inputs (2).xlsx,112,160.871,13,8,3.129,False,Stage 3,PHV 1,감속기,
448,조원준,2026-06-14,mps-authoring-inputs (2).xlsx,107,153.1333,13,2,4.8667,False,Stage 1,PHV -1,가속기,
449,조서준,2026-06-14,mps-authoring-inputs (2).xlsx,106,161.4,14,2,8.6,False,Stage 2,PHV 0,급성장기,
450,조서우,2026-06-14,mps-authoring-inputs (2).xlsx,103,154.9677,12,6,-4.9677,False,Stage 1,PHV -1,가속기,
451,정태환,2026-06-14,mps-authoring-inputs (2).xlsx,65,155.871,12,9,-2.871,False,Stage 2,PHV 0,급성장기,
452,정재학,2026-06-14,mps-authoring-inputs (2).xlsx,55,160.3333,13,8,3.6667,False,Stage 1,PHV -1,가속기,
453,정윤우,2026-06-14,mps-authoring-inputs (2).xlsx,90,153.1667,12,3,-6.1667,True,Stage 1,PHV -1,가속기,
454,정유준,2026-06-14,mps-authoring-inputs (2).xlsx,81,158.0333,12,9,-5.0333,False,Stage 1,PHV -1,가속기,
455,전현호,2026-06-14,mps-authoring-inputs (2).xlsx,88,158.6774,12,8,-6.6774,True,Stage 1,PHV -1,가속기,
456,전현민,2026-06-14,mps-authoring-inputs (2).xlsx,99,153.2667,13,0,2.7333,False,Stage 1,PHV -1,가속기,
457,전준수,2026-06-14,mps-authoring-inputs (2).xlsx,56,151.9032,12,10,2.0968,False,Stage 1,PHV -1,가속기,
458,장하준,2026-06-14,mps-authoring-inputs (2).xlsx,115,160.4333,13,8,3.5667,False,Stage 2,PHV 0,급성장기,
459,장성아,2026-06-14,mps-authoring-inputs (2).xlsx,122,154.2667,12,0,-10.2667,True,Stage 1,PHV -1,가속기,
460,장도희,2026-06-14,mps-authoring-inputs (2).xlsx,131,157.2333,12,9,-4.2333,False,Stage 2,PHV 0,급성장기,
461,임채진,2026-06-14,mps-authoring-inputs (2).xlsx,92,158.7097,12,9,-5.7097,False,Stage 2,PHV 0,급성장기,
462,임준혁,2026-06-14,mps-authoring-inputs (2).xlsx,110,161.4,13,0,-5.4,False,Stage 1,PHV -1,가속기,
463,이은우,2026-06-14,mps-authoring-inputs (2).xlsx,113,158.5806,12,10,-4.5806,False,Stage 2,PHV 0,급성장기,
464,이승우,2026-06-14,mps-authoring-inputs (2).xlsx,94,151.2333,13,1,5.7667,False,Stage 1,PHV -1,가속기,
465,이두산,2026-06-14,mps-authoring-inputs (2).xlsx,105,155.6774,13,6,6.3226,False,Stage 2,PHV 0,급성장기,
466,이노아,2026-06-14,mps-authoring-inputs (2).xlsx,86,151.9032,13,8,12.0968,False,Stage 2,PHV 0,급성장기,
467,윤승조,2026-06-14,mps-authoring-inputs (2).xlsx,57,161.1333,13,4,-1.1333,False,Stage 2,PHV 0,급성장기,
468,유주원,2026-06-14,mps-authoring-inputs (2).xlsx,116,156.4667,13,0,-0.4667,False,Stage 2,PHV 0,급성장기,
469,오정민,2026-06-14,mps-authoring-inputs (2).xlsx,104,155.6129,13,6,6.3871,False,Stage 2,PHV 0,급성장기,
470,양지호,2026-06-14,mps-authoring-inputs (2).xlsx,58,155.4333,13,3,3.5667,False,Stage 2,PHV 0,급성장기,
471,안정환,2026-06-14,mps-authoring-inputs (2).xlsx,111,160.6452,13,10,5.3548,False,Stage 2,PHV 0,급성장기,
472,안정안,2026-06-14,mps-authoring-inputs (2).xlsx,87,153.1667,13,8,10.8333,False,Stage 2,PHV 0,급성장기,
473,신동관,2026-06-14,mps-authoring-inputs (2).xlsx,121,159.7097,13,8,4.2903,False,Stage 2,PHV 0,급성장기,
474,송준혁,2026-06-14,mps-authoring-inputs (2).xlsx,108,159.1333,13,2,-1.1333,False,Stage 2,PHV 0,급성장기,
475,송예준,2026-06-14,mps-authoring-inputs (2).xlsx,93,160.0667,13,6,1.9333,False,Stage 2,PHV 0,급성장기,
476,손예성,2026-06-14,mps-authoring-inputs (2).xlsx,98,157.6774,13,6,4.3226,False,Stage 2,PHV 0,급성장기,
477,서한율,2026-06-14,mps-authoring-inputs (2).xlsx,96,153.4839,13,0,2.5161,False,Stage 1,PHV -1,가속기,
478,백승훈,2026-06-14,mps-authoring-inputs (2).xlsx,119,161.3333,12,10,-7.3333,True,Stage 2,PHV 0,급성장기,
479,배태성,2026-06-14,mps-authoring-inputs (2).xlsx,125,160.4667,13,8,3.5333,False,Stage 3,PHV 1,감속기,
480,박지헌,2026-06-14,mps-authoring-inputs (2).xlsx,59,159.4,13,6,2.6,False,Stage 2,PHV 0,급성장기,
481,박지민,2026-06-14,mps-authoring-inputs (2).xlsx,83,157.0,12,3,-10.0,True,Stage 1,PHV -1,가속기,
482,박원우,2026-06-14,mps-authoring-inputs (2).xlsx,130,161.3333,13,6,0.6667,False,Stage 2,PHV 0,급성장기,
483,박서진1,2026-06-14,mps-authoring-inputs (2).xlsx,60,160.4333,13,8,3.5667,False,Stage 3,PHV 1,감속기,
484,문지후,2026-06-14,mps-authoring-inputs (2).xlsx,114,156.4839,12,8,-4.4839,False,Stage 1,PHV -1,가속기,
485,문이레,2026-06-14,mps-authoring-inputs (2).xlsx,80,152.6129,12,0,-8.6129,True,Stage 1,PHV -1,가속기,
486,류강현,2026-06-14,mps-authoring-inputs (2).xlsx,95,158.8387,14,0,9.1613,False,Stage 3,PHV 1,감속기,
487,김훈,2026-06-14,mps-authoring-inputs (2).xlsx,61,158.5484,13,6,3.4516,False,Stage 2,PHV 0,급성장기,
488,김효제,2026-06-14,mps-authoring-inputs (2).xlsx,129,159.3,13,0,-3.3,False,Stage 1,PHV -1,가속기,
489,김현서,2026-06-14,mps-authoring-inputs (2).xlsx,101,154.3333,13,6,7.6667,False,Stage 2,PHV 0,급성장기,
490,김태형,2026-06-14,mps-authoring-inputs (2).xlsx,126,159.871,13,6,2.129,False,Stage 2,PHV 0,급성장기,
491,김태우,2026-06-14,mps-authoring-inputs (2).xlsx,127,159.871,13,2,-1.871,False,Stage 2,PHV 0,급성장기,
492,김지완,2026-06-14,mps-authoring-inputs (2).xlsx,109,160.6129,12,10,-6.6129,True,Stage 1,PHV -1,가속기,
493,김은호,2026-06-14,mps-authoring-inputs (2).xlsx,123,160.6774,13,0,-4.6774,False,Stage 1,PHV -1,가속기,
494,김은찬,2026-06-14,mps-authoring-inputs (2).xlsx,102,153.8065,12,8,-1.8065,False,Stage 1,PHV -1,가속기,
495,김우재,2026-06-14,mps-authoring-inputs (2).xlsx,97,158.4333,13,0,-2.4333,False,Stage 1,PHV -1,가속기,
496,김세민,2026-06-14,mps-authoring-inputs (2).xlsx,118,159.9677,13,0,-3.9677,False,Stage 1,PHV -1,가속기,
497,김민준,2026-06-14,mps-authoring-inputs (2).xlsx,120,160.7419,13,8,3.2581,False,Stage 2,PHV 0,급성장기,
498,김민건,2026-06-14,mps-authoring-inputs (2).xlsx,62,160.2333,14,2,9.7667,False,Stage 3,PHV 1,감속기,
499,김민강,2026-06-14,mps-authoring-inputs (2).xlsx,63,160.2333,13,3,-1.2333,False,Stage 2,PHV 0,급성장기,
500,김동우,2026-06-14,mps-authoring-inputs (2).xlsx,84,159.7097,13,0,-3.7097,False,Stage 2,PHV 0,급성장기,
501,김도진,2026-06-14,mps-authoring-inputs (2).xlsx,100,154.1667,13,2,3.8333,False,Stage 1,PHV -1,가속기,
502,국민율,2026-06-14,mps-authoring-inputs (2).xlsx,64,155.7097,13,6,6.2903,False,Stage 2,PHV 0,급성장기,
503,고이든,2026-06-14,mps-authoring-inputs (2).xlsx,5,159.3667,13,11,7.6333,False,Stage 2,PHV 0,급성장기,
504,강혁,2026-06-14,mps-authoring-inputs (2).xlsx,128,157.0667,13,2,0.9333,False,Stage 1,PHV -1,가속기,
505,황예준,2026-06-13,mps-authoring-inputs (2).xlsx,26,153.7742,13,0,2.2258,False,Stage 1,PHV -1,가속기,
506,최희태,2026-06-13,mps-authoring-inputs (2).xlsx,72,158.3,12,6,-8.3,True,Stage 1,PHV -1,가속기,
507,최이룸,2026-06-13,mps-authoring-inputs (2).xlsx,74,153.4333,12,9,-0.4333,False,Stage 2,PHV 0,급성장기,
508,최영우,2026-06-13,mps-authoring-inputs (2).xlsx,14,157.7419,13,8,6.2581,False,Stage 2,PHV 0,급성장기,
509,최서우,2026-06-13,mps-authoring-inputs (2).xlsx,9,159.1667,13,7,3.8333,False,Stage 2,PHV 0,급성장기,
510,최민호,2026-06-13,mps-authoring-inputs (2).xlsx,33,159.2667,13,6,2.7333,False,Stage 2,PHV 0,급성장기,
511,조정유,2026-06-13,mps-authoring-inputs (2).xlsx,24,160.3667,13,0,-4.3667,False,Stage 2,PHV 0,급성장기,
512,조민준,2026-06-13,mps-authoring-inputs (2).xlsx,12,158.5806,12,9,-5.5806,False,Stage 2,PHV 0,급성장기,
513,조민준,2026-06-13,mps-authoring-inputs (2).xlsx,134,155.7419,14,0,12.2581,False,Stage 3,PHV 1,감속기,
514,정은조,2026-06-13,mps-authoring-inputs (2).xlsx,13,158.4516,13,6,3.5484,False,Stage 3,PHV 1,감속기,
515,정아영,2026-06-13,mps-authoring-inputs (2).xlsx,6,140.9032,12,3,6.0968,False,Stage 1,PHV -1,가속기,
516,정시온,2026-06-13,mps-authoring-inputs (2).xlsx,77,152.6774,13,6,9.3226,False,Stage 2,PHV 0,급성장기,
517,전태영,2026-06-13,mps-authoring-inputs (2).xlsx,69,157.1667,14,3,13.8333,False,Stage 3,PHV 1,감속기,
518,전준혁,2026-06-13,mps-authoring-inputs (2).xlsx,139,158.0667,13,6,3.9333,False,Stage 2,PHV 0,급성장기,
519,장연준,2026-06-13,mps-authoring-inputs (2).xlsx,27,152.6129,13,1,4.3871,False,Stage 1,PHV -1,가속기,
520,임준우,2026-06-13,mps-authoring-inputs (2).xlsx,29,154.4839,13,6,7.5161,False,Stage 2,PHV 0,급성장기,
521,임다원,2026-06-13,mps-authoring-inputs (2).xlsx,16,158.4333,13,9,6.5667,False,Stage 3,PHV 1,감속기,
522,이하진,2026-06-13,mps-authoring-inputs (2).xlsx,75,150.6774,13,0,5.3226,False,Stage 1,PHV -1,가속기,
523,이지훈,2026-06-13,mps-authoring-inputs (2).xlsx,25,160.0667,13,6,1.9333,False,Stage 2,PHV 0,급성장기,
524,이제유,2026-06-13,mps-authoring-inputs (2).xlsx,30,155.5484,12,6,-5.5484,False,Stage 1,PHV -1,가속기,
525,이정헌,2026-06-13,mps-authoring-inputs (2).xlsx,17,157.2667,14,0,10.7333,False,Stage 2,PHV 0,급성장기,
526,윤서준,2026-06-13,mps-authoring-inputs (2).xlsx,18,151.1,13,0,4.9,False,Stage 2,PHV 0,급성장기,
527,오정후,2026-06-13,mps-authoring-inputs (2).xlsx,137,159.3,13,2,-1.3,False,Stage 3,PHV 1,감속기,
528,오석민,2026-06-13,mps-authoring-inputs (2).xlsx,133,154.9032,13,0,1.0968,False,Stage 2,PHV 0,급성장기,
529,여하운,2026-06-13,mps-authoring-inputs (2).xlsx,76,161.0667,14,3,9.9333,False,Stage 3,PHV 1,감속기,
530,심하율,2026-06-13,mps-authoring-inputs (2).xlsx,138,153.4,13,1,3.6,False,Stage 2,PHV 0,급성장기,
531,신주원,2026-06-13,mps-authoring-inputs (2).xlsx,20,154.8065,13,0,1.1935,False,Stage 1,PHV -1,가속기,
532,신서후,2026-06-13,mps-authoring-inputs (2).xlsx,32,157.4,13,4,2.6,False,Stage 1,PHV -1,가속기,
533,신동후,2026-06-13,mps-authoring-inputs (2).xlsx,21,153.6774,12,9,-0.6774,False,Stage 2,PHV 0,급성장기,
534,송대윤,2026-06-13,mps-authoring-inputs (2).xlsx,67,159.7419,13,0,-3.7419,False,Stage 1,PHV -1,가속기,
535,손호준,2026-06-13,mps-authoring-inputs (2).xlsx,79,156.0667,12,10,-2.0667,False,Stage 1,PHV -1,가속기,
536,서한솔,2026-06-13,mps-authoring-inputs (2).xlsx,23,156.0,13,6,6.0,False,Stage 2,PHV 0,급성장기,
537,서진우,2026-06-13,mps-authoring-inputs (2).xlsx,140,156.2667,13,8,7.7333,False,Stage 2,PHV 0,급성장기,
538,서지완,2026-06-13,mps-authoring-inputs (2).xlsx,136,150.9032,12,4,-2.9032,False,Stage 1,PHV -1,가속기,
539,변지수,2026-06-13,mps-authoring-inputs (2).xlsx,71,157.7742,13,6,4.2258,False,Stage 2,PHV 0,급성장기,
540,박지호,2026-06-13,mps-authoring-inputs (2).xlsx,22,158.3667,12,0,-14.3667,True,Stage 3,PHV 1,감속기,
541,박지율,2026-06-13,mps-authoring-inputs (2).xlsx,19,158.2,13,6,3.8,False,Stage 1,PHV -1,가속기,
542,박지수,2026-06-13,mps-authoring-inputs (2).xlsx,36,157.5484,14,0,10.4516,False,Stage 3,PHV 1,감속기,
543,박연호,2026-06-13,mps-authoring-inputs (2).xlsx,28,159.5806,13,8,4.4194,False,Stage 2,PHV 0,급성장기,
544,박민제1,2026-06-13,mps-authoring-inputs (2).xlsx,15,161.0667,14,0,6.9333,False,Stage 2,PHV 0,급성장기,
545,마정현,2026-06-13,mps-authoring-inputs (2).xlsx,11,154.0333,13,8,9.9667,False,Stage 3,PHV 1,감속기,
546,나예준,2026-06-13,mps-authoring-inputs (2).xlsx,132,152.1667,12,10,1.8333,False,Stage 2,PHV 0,급성장기,
547,김호인,2026-06-13,mps-authoring-inputs (2).xlsx,7,120.8387,10,6,5.1613,False,Pre-PHV,PHV -2,급성장 이전,
548,김호수,2026-06-13,mps-authoring-inputs (2).xlsx,8,141.5484,12,9,11.4516,False,Stage 2,PHV 0,급성장기,
549,김재원,2026-06-13,mps-authoring-inputs (2).xlsx,31,160.2667,14,8,15.7333,False,Stage 3,PHV 1,감속기,
550,김시우,2026-06-13,mps-authoring-inputs (2).xlsx,34,156.4333,13,6,5.5667,False,Stage 2,PHV 0,급성장기,
551,김민찬,2026-06-13,mps-authoring-inputs (2).xlsx,70,159.3,14,0,8.7,False,Stage 2,PHV 0,급성장기,
552,권혁준,2026-06-13,mps-authoring-inputs (2).xlsx,78,156.0333,13,2,1.9667,False,Stage 2,PHV 0,급성장기,
553,권예준,2026-06-13,mps-authoring-inputs (2).xlsx,35,153.1,12,0,-9.1,True,Stage 1,PHV -1,가속기,
554,구예준,2026-06-13,mps-authoring-inputs (2).xlsx,66,160.9032,13,8,3.0968,False,Stage 2,PHV 0,급성장기,
555,고주원,2026-06-13,mps-authoring-inputs (2).xlsx,73,158.4333,13,0,-2.4333,False,Stage 2,PHV 0,급성장기,
556,고윤후,2026-06-13,mps-authoring-inputs (2).xlsx,68,159.5484,13,2,-1.5484,False,Stage 2,PHV 0,급성장기,
557,강태우,2026-06-13,mps-authoring-inputs (2).xlsx,10,172.4516,15,6,13.5484,False,Stage 3,PHV 1,감속기,
558,강재형,2026-06-13,mps-authoring-inputs (2).xlsx,37,159.5484,13,6,2.4516,False,Stage 1,PHV -1,가속기,
559,YoshidaTaiga,2026-06-13,mps-authoring-inputs (2).xlsx,135,157.7742,12,6,-7.7742,True,Stage 1,PHV -1,가속기,
560,현하윤,2026-06-12,mps-authoring-inputs (2).xlsx,40,149.9355,13,6,12.0645,False,Stage 2,PHV 0,급성장기,
561,최민호,2026-06-12,mps-authoring-inputs (2).xlsx,38,161.2667,14,6,12.7333,False,Stage 3,PHV 1,감속기,
562,채호창,2026-06-12,mps-authoring-inputs (2).xlsx,50,159.1,13,6,2.9,False,Stage 3,PHV 1,감속기,
563,조성태,2026-06-12,mps-authoring-inputs (2).xlsx,45,151.9032,12,3,-4.9032,False,Stage 1,PHV -1,가속기,
564,조민기,2026-06-12,mps-authoring-inputs (2).xlsx,44,157.0333,13,1,-0.0333,False,Stage 2,PHV 0,급성장기,
565,정우진,2026-06-12,mps-authoring-inputs (2).xlsx,39,158.4,12,6,-8.4,True,Stage 1,PHV -1,가속기,
566,이강현,2026-06-12,mps-authoring-inputs (2).xlsx,48,152.1667,13,8,11.8333,False,Stage 2,PHV 0,급성장기,
567,이강우,2026-06-12,mps-authoring-inputs (2).xlsx,47,159.6452,13,6,2.3548,False,Stage 2,PHV 0,급성장기,
568,원가온,2026-06-12,mps-authoring-inputs (2).xlsx,49,151.1,13,6,10.9,False,Stage 3,PHV 1,감속기,
569,박리온,2026-06-12,mps-authoring-inputs (2).xlsx,41,152.9032,14,0,15.0968,False,Stage 3,PHV 1,감속기,
570,김지율1,2026-06-12,mps-authoring-inputs (2).xlsx,42,153.871,13,0,2.129,False,Stage 2,PHV 0,급성장기,
571,김주언,2026-06-12,mps-authoring-inputs (2).xlsx,52,154.4,13,3,4.6,False,Stage 2,PHV 0,급성장기,
572,김수하,2026-06-12,mps-authoring-inputs (2).xlsx,53,151.0333,13,0,4.9667,False,Stage 2,PHV 0,급성장기,
573,김민석,2026-06-12,mps-authoring-inputs (2).xlsx,51,154.0333,13,6,7.9667,False,Stage 1,PHV -1,가속기,
574,곽도영,2026-06-12,mps-authoring-inputs (2).xlsx,46,157.7419,13,0,-1.7419,False,Stage 2,PHV 0,급성장기,
575,강준규,2026-06-12,mps-authoring-inputs (2).xlsx,43,161.2,13,9,3.8,False,Stage 2,PHV 0,급성장기,
576,홍선,2026-06-10,mps-authoring-inputs (4).xlsx,255,146.4839,12,1,-1.4839,False,Stage 1,PHV -1,가속기,
577,한성식,2026-06-10,mps-authoring-inputs (4).xlsx,59,136.1667,11,1,-3.1667,False,Pre-PHV,PHV -2,급성장 이전,
578,전하늘,2026-06-10,mps-authoring-inputs (4).xlsx,66,135.6452,10,10,-5.6452,False,Pre-PHV,PHV -2,급성장 이전,
579,임시환,2026-06-10,mps-authoring-inputs (4).xlsx,60,131.4516,11,0,0.5484,False,Pre-PHV,PHV -2,급성장 이전,
580,이승헌,2026-06-10,mps-authoring-inputs (4).xlsx,68,135.2,10,10,-5.2,False,Pre-PHV,PHV -2,급성장 이전,
581,서은성,2026-06-10,mps-authoring-inputs (4).xlsx,64,127.3548,10,4,-3.3548,False,Pre-PHV,PHV -2,급성장 이전,
582,박준오,2026-06-10,mps-authoring-inputs (4).xlsx,67,131.6129,10,6,-5.6129,False,Pre-PHV,PHV -2,급성장 이전,
583,김하민,2026-06-10,mps-authoring-inputs (4).xlsx,65,128.6452,10,2,-6.6452,True,Pre-PHV,PHV -2,급성장 이전,
584,김수지,2026-06-10,mps-authoring-inputs (4).xlsx,63,163.7742,14,2,6.2258,False,Stage 3,PHV 1,감속기,
585,김다온,2026-06-10,mps-authoring-inputs (4).xlsx,61,129.4839,10,8,-1.4839,False,Pre-PHV,PHV -2,급성장 이전,
586,권정우,2026-06-10,mps-authoring-inputs (4).xlsx,62,134.3548,11,3,0.6452,False,Stage 1,PHV -1,가속기,
587,장동건,2026-06-09,mps-authoring-inputs (4).xlsx,71,148.5484,12,0,-4.5484,False,Stage 1,PHV -1,가속기,
588,이한빈,2026-06-09,mps-authoring-inputs (4).xlsx,70,125.0,10,7,2.0,False,Pre-PHV,PHV -2,급성장 이전,
589,윤하람,2026-06-09,mps-authoring-inputs (4).xlsx,72,118.8387,9,6,-4.8387,False,Pre-PHV,PHV -2,급성장 이전,
590,윤우빈,2026-06-09,mps-authoring-inputs (4).xlsx,73,146.2,12,10,7.8,False,Stage 2,PHV 0,급성장기,
591,윤예별,2026-06-09,mps-authoring-inputs (4).xlsx,74,138.2333,11,0,-6.2333,True,Pre-PHV,PHV -2,급성장 이전,
592,안현준,2026-06-09,mps-authoring-inputs (4).xlsx,69,119.9032,10,0,0.0968,False,Pre-PHV,PHV -2,급성장 이전,
593,박서준,2026-06-09,mps-authoring-inputs (4).xlsx,75,122.8065,10,3,0.1935,False,Pre-PHV,PHV -2,급성장 이전,
594,정태윤,2026-06-08,mps-authoring-inputs (4).xlsx,76,121.8065,10,2,0.1935,False,Pre-PHV,PHV -2,급성장 이전,
595,이찬,2026-06-04,mps-authoring-inputs (4).xlsx,77,131.3548,11,3,3.6452,False,Pre-PHV,PHV -2,급성장 이전,
596,성시헌,2026-06-04,mps-authoring-inputs (4).xlsx,80,148.3871,13,0,7.6129,False,Stage 1,PHV -1,가속기,
597,김태호,2026-06-04,mps-authoring-inputs (4).xlsx,78,133.0667,10,8,-5.0667,False,Pre-PHV,PHV -2,급성장 이전,
598,고결,2026-06-04,mps-authoring-inputs (4).xlsx,79,133.1,11,3,1.9,False,Pre-PHV,PHV -2,급성장 이전,
599,황재승,2026-06-02,mps-authoring-inputs (4).xlsx,89,144.2258,12,2,1.7742,False,Stage 1,PHV -1,가속기,
600,지수민,2026-06-02,mps-authoring-inputs (4).xlsx,81,139.9032,11,6,-1.9032,False,Stage 1,PHV -1,가속기,
601,임민수,2026-06-02,mps-authoring-inputs (4).xlsx,82,133.5806,10,6,-7.5806,True,Pre-PHV,PHV -2,급성장 이전,
602,이준성,2026-06-02,mps-authoring-inputs (4).xlsx,86,136.7742,10,9,-7.7742,True,Pre-PHV,PHV -2,급성장 이전,
603,이주안,2026-06-02,mps-authoring-inputs (4).xlsx,83,129.2581,11,3,5.7419,False,Stage 1,PHV -1,가속기,
604,이재원,2026-06-02,mps-authoring-inputs (4).xlsx,95,140.6129,12,0,3.3871,False,Stage 1,PHV -1,가속기,
605,이서준,2026-06-02,mps-authoring-inputs (4).xlsx,91,145.871,12,6,4.129,False,Stage 1,PHV -1,가속기,
606,유재은,2026-06-02,mps-authoring-inputs (4).xlsx,93,146.9032,11,3,-11.9032,True,Pre-PHV,PHV -2,급성장 이전,
607,박재형,2026-06-02,mps-authoring-inputs (4).xlsx,84,127.4516,10,9,1.5484,False,Pre-PHV,PHV -2,급성장 이전,
608,박서준,2026-06-02,mps-authoring-inputs (4).xlsx,90,148.6774,13,0,7.3226,False,Stage 1,PHV -1,가속기,
609,김태림,2026-06-02,mps-authoring-inputs (4).xlsx,94,149.0333,12,0,-5.0333,False,Stage 1,PHV -1,가속기,
610,김세웅,2026-06-02,mps-authoring-inputs (4).xlsx,92,137.4839,12,9,15.5161,False,Stage 2,PHV 0,급성장기,
611,김민재,2026-06-02,mps-authoring-inputs (4).xlsx,87,133.2581,11,6,4.7419,False,Stage 1,PHV -1,가속기,
612,김동욱,2026-06-02,mps-authoring-inputs (4).xlsx,85,135.0,11,9,6.0,False,Stage 1,PHV -1,가속기,
613,김도하,2026-06-02,mps-authoring-inputs (4).xlsx,88,134.4194,11,0,-2.4194,False,Stage 1,PHV -1,가속기,
614,김태윤,2026-05-30,mps-authoring-inputs (3).xlsx,20,171.4516,13,0,-15.4516,True,Pre-PHV,PHV -2,급성장 이전,
615,최민건,2026-05-28,mps-authoring-inputs (4).xlsx,246,129.129,11,4,6.871,False,Stage 1,PHV -1,가속기,
616,이시우,2026-05-28,mps-authoring-inputs (4).xlsx,96,125.7742,11,0,6.2258,False,Pre-PHV,PHV -2,급성장 이전,
617,유지훈,2026-05-28,mps-authoring-inputs (4).xlsx,99,128.8065,11,1,4.1935,False,Pre-PHV,PHV -2,급성장 이전,
618,오찬희,2026-05-28,mps-authoring-inputs (4).xlsx,100,126.2581,10,6,-0.2581,False,Pre-PHV,PHV -2,급성장 이전,
619,오주원,2026-05-28,mps-authoring-inputs (4).xlsx,104,134.4839,10,8,-6.4839,True,Pre-PHV,PHV -2,급성장 이전,
620,오서준,2026-05-28,mps-authoring-inputs (4).xlsx,98,133.6774,11,6,4.3226,False,Stage 1,PHV -1,가속기,
621,박태양,2026-05-28,mps-authoring-inputs (4).xlsx,101,135.6129,11,3,-0.6129,False,Pre-PHV,PHV -2,급성장 이전,
622,김찬유,2026-05-28,mps-authoring-inputs (4).xlsx,102,133.9333,11,8,6.0667,False,Stage 1,PHV -1,가속기,
623,김이현,2026-05-28,mps-authoring-inputs (4).xlsx,97,130.2258,11,1,2.7742,False,Stage 1,PHV -1,가속기,
624,김민성,2026-05-28,mps-authoring-inputs (4).xlsx,103,132.4194,11,7,6.5806,False,Stage 1,PHV -1,가속기,
625,이채민,2026-05-27,mps-authoring-inputs (4).xlsx,109,142.2903,12,0,1.7097,False,Stage 1,PHV -1,가속기,
626,이준영,2026-05-27,mps-authoring-inputs (4).xlsx,115,147.9667,12,8,4.0333,False,Stage 2,PHV 0,급성장기,
627,이주언,2026-05-27,mps-authoring-inputs (4).xlsx,106,146.6774,11,8,-6.6774,True,Pre-PHV,PHV -2,급성장 이전,
628,이대니,2026-05-27,mps-authoring-inputs (4).xlsx,111,141.6129,12,3,5.3871,False,Stage 2,PHV 0,급성장기,
629,이다올,2026-05-27,mps-authoring-inputs (4).xlsx,114,148.1613,11,5,-11.1613,True,Stage 1,PHV -1,가속기,
630,왕주원,2026-05-27,mps-authoring-inputs (4).xlsx,108,147.5484,11,4,-11.5484,True,Pre-PHV,PHV -2,급성장 이전,
631,안호성,2026-05-27,mps-authoring-inputs (4).xlsx,107,147.5484,11,8,-7.5484,True,Pre-PHV,PHV -2,급성장 이전,
632,문진혁,2026-05-27,mps-authoring-inputs (4).xlsx,129,131.129,11,4,4.871,False,Stage 1,PHV -1,가속기,
633,남궁민,2026-05-27,mps-authoring-inputs (4).xlsx,112,138.5484,12,0,5.4516,False,Stage 2,PHV 0,급성장기,
634,김주원,2026-05-27,mps-authoring-inputs (4).xlsx,105,145.6452,11,1,-12.6452,True,Pre-PHV,PHV -2,급성장 이전,
635,김유진,2026-05-27,mps-authoring-inputs (4).xlsx,113,145.4516,12,6,4.5484,False,Stage 1,PHV -1,가속기,
636,김도영,2026-05-27,mps-authoring-inputs (4).xlsx,110,140.4839,11,9,0.5161,False,Stage 1,PHV -1,가속기,
637,한호준,2026-05-21,mps-authoring-inputs (4).xlsx,123,146.4516,12,1,-1.4516,False,Stage 1,PHV -1,가속기,
638,정예담,2026-05-21,mps-authoring-inputs (4).xlsx,120,147.7667,13,0,8.2333,False,Stage 1,PHV -1,가속기,
639,유세종,2026-05-21,mps-authoring-inputs (4).xlsx,121,141.1935,11,3,-6.1935,True,Pre-PHV,PHV -2,급성장 이전,
640,서승현,2026-05-21,mps-authoring-inputs (4).xlsx,258,136.9,11,0,-4.9,False,Pre-PHV,PHV -2,급성장 이전,
641,박태민,2026-05-21,mps-authoring-inputs (4).xlsx,119,148.4194,11,9,-7.4194,True,Stage 1,PHV -1,가속기,
642,류희진,2026-05-21,mps-authoring-inputs (4).xlsx,116,142.0,11,6,-4.0,False,Stage 1,PHV -1,가속기,
643,김범진,2026-05-21,mps-authoring-inputs (4).xlsx,122,147.5161,13,0,8.4839,False,Stage 2,PHV 0,급성장기,
644,금민승,2026-05-21,mps-authoring-inputs (4).xlsx,118,146.6452,13,0,9.3548,False,Stage 2,PHV 0,급성장기,
645,권도현,2026-05-21,mps-authoring-inputs (4).xlsx,117,146.4194,12,0,-2.4194,False,Stage 1,PHV -1,가속기,
646,홍준우,2026-05-20,mps-authoring-inputs (4).xlsx,124,135.1935,11,4,0.8065,False,Stage 1,PHV -1,가속기,
647,최은우,2026-05-20,mps-authoring-inputs (4).xlsx,130,134.9,11,2,-0.9,False,Pre-PHV,PHV -2,급성장 이전,
648,조현상,2026-05-20,mps-authoring-inputs (4).xlsx,127,129.7,10,6,-3.7,False,Pre-PHV,PHV 0,확인 필요,성장단계·PHV 불일치
649,임세훈,2026-05-20,mps-authoring-inputs (4).xlsx,126,134.0968,10,11,-3.0968,False,Pre-PHV,PHV -2,급성장 이전,
650,이하랑,2026-05-20,mps-authoring-inputs (4).xlsx,125,132.1935,11,6,5.8065,False,Stage 1,PHV -1,가속기,
651,이도현,2026-05-20,mps-authoring-inputs (4).xlsx,134,134.5484,10,10,-4.5484,False,Stage 1,PHV -1,가속기,
652,안제혁,2026-05-20,mps-authoring-inputs (4).xlsx,132,131.6452,10,10,-1.6452,False,Pre-PHV,PHV -2,급성장 이전,
653,변정우,2026-05-20,mps-authoring-inputs (4).xlsx,131,132.1935,11,0,-0.1935,False,Pre-PHV,PHV -2,급성장 이전,
654,박규빈,2026-05-20,mps-authoring-inputs (4).xlsx,135,133.9,11,0,-1.9,False,Stage 1,PHV -1,가속기,
655,김온유,2026-05-20,mps-authoring-inputs (4).xlsx,133,132.5161,10,8,-4.5161,False,Stage 1,PHV -1,가속기,
656,강이준,2026-05-20,mps-authoring-inputs (4).xlsx,128,128.3226,10,10,1.6774,False,Stage 1,PHV -1,가속기,
657,이호균,2026-05-19,mps-authoring-inputs (4).xlsx,240,147.8,12,9,5.2,False,Stage 1,PHV -1,가속기,
658,이유찬,2026-05-19,mps-authoring-inputs (4).xlsx,144,137.3226,11,4,-1.3226,False,Stage 1,PHV -1,가속기,
659,이서준,2026-05-19,mps-authoring-inputs (4).xlsx,244,144.2258,11,7,-5.2258,False,Pre-PHV,PHV -2,급성장 이전,
660,오승유,2026-05-19,mps-authoring-inputs (4).xlsx,238,140.2903,11,8,-0.2903,False,Stage 1,PHV -1,가속기,
661,염연우,2026-05-19,mps-authoring-inputs (4).xlsx,256,147.1935,11,6,-9.1935,True,Pre-PHV,PHV -2,급성장 이전,
662,안진우,2026-05-19,mps-authoring-inputs (4).xlsx,251,141.2258,11,9,-0.2258,False,Stage 1,PHV -1,가속기,
663,신지율,2026-05-19,mps-authoring-inputs (4).xlsx,136,145.9,11,6,-7.9,True,Pre-PHV,PHV -2,급성장 이전,
664,방준혁,2026-05-19,mps-authoring-inputs (4).xlsx,249,137.2581,11,2,-3.2581,False,Pre-PHV,PHV -2,급성장 이전,
665,박정환,2026-05-19,mps-authoring-inputs (4).xlsx,137,147.6667,13,0,8.3333,False,Stage 2,PHV 0,급성장기,
666,박건,2026-05-19,mps-authoring-inputs (4).xlsx,247,148.5161,11,9,-7.5161,True,Pre-PHV,PHV -2,급성장 이전,
667,김민섭,2026-05-19,mps-authoring-inputs (4).xlsx,239,144.0,11,4,-8.0,True,Pre-PHV,PHV -2,급성장 이전,
668,조현우,2026-05-13,mps-authoring-inputs (4).xlsx,139,134.7,10,8,-6.7,True,Stage 1,PHV -1,가속기,
669,정선우,2026-05-13,mps-authoring-inputs (4).xlsx,138,125.7333,10,3,-2.7333,False,Stage 1,PHV -1,가속기,
670,임건우,2026-05-13,mps-authoring-inputs (4).xlsx,143,132.9667,10,6,-6.9667,True,Pre-PHV,PHV -2,급성장 이전,
671,이기석,2026-05-13,mps-authoring-inputs (4).xlsx,140,135.2903,11,6,2.7097,False,Stage 1,PHV -1,가속기,
672,김준수,2026-05-13,mps-authoring-inputs (4).xlsx,141,133.6,10,10,-3.6,False,Stage 1,PHV -1,가속기,
673,김시윤,2026-05-13,mps-authoring-inputs (4).xlsx,142,134.2258,12,0,9.7742,False,Stage 1,PHV -1,가속기,
674,최시호,2026-05-12,mps-authoring-inputs (4).xlsx,152,142.7667,12,0,1.2333,False,Stage 1,PHV -1,가속기,
675,최민기,2026-05-12,mps-authoring-inputs (4).xlsx,145,148.3226,11,10,-6.3226,True,Stage 1,PHV -1,가속기,
676,전준혁,2026-05-12,mps-authoring-inputs (4).xlsx,148,141.1935,11,6,-3.1935,False,Stage 1,PHV -1,가속기,
677,임유담,2026-05-12,mps-authoring-inputs (4).xlsx,153,141.4333,11,6,-3.4333,False,Stage 1,PHV -1,가속기,
678,이태인,2026-05-12,mps-authoring-inputs (4).xlsx,147,146.0968,12,10,7.9032,False,Stage 1,PHV -1,가속기,
679,윤하준,2026-05-12,mps-authoring-inputs (4).xlsx,146,137.6333,11,7,1.3667,False,Stage 1,PHV -1,가속기,
680,서도우,2026-05-12,mps-authoring-inputs (4).xlsx,151,138.1613,11,6,-0.1613,False,Stage 1,PHV -1,가속기,
681,도율찬,2026-05-12,mps-authoring-inputs (4).xlsx,149,144.7667,11,11,-1.7667,False,Pre-PHV,PHV -2,급성장 이전,
682,김수현,2026-05-12,mps-authoring-inputs (4).xlsx,259,169.4667,15,3,13.5333,False,Stage 4,PHV 2,종료기,
683,김가온,2026-05-12,mps-authoring-inputs (4).xlsx,150,141.2903,11,3,-6.2903,True,Pre-PHV,PHV -2,급성장 이전,
684,백인우,2026-05-08,mps-authoring-inputs (4).xlsx,167,125.9333,10,10,4.0667,False,Pre-PHV,PHV -2,급성장 이전,
685,조하준,2026-05-07,mps-authoring-inputs (4).xlsx,159,142.6333,11,8,-2.6333,False,Stage 1,PHV -1,가속기,
686,임라울,2026-05-07,mps-authoring-inputs (4).xlsx,154,146.129,12,0,-2.129,False,Stage 2,PHV 0,급성장기,
687,이지우,2026-05-07,mps-authoring-inputs (4).xlsx,157,146.0,12,6,4.0,False,Stage 2,PHV 0,급성장기,
688,이주원,2026-05-07,mps-authoring-inputs (4).xlsx,155,136.3333,11,6,1.6667,False,Pre-PHV,PHV -2,급성장 이전,
689,박선준,2026-05-07,mps-authoring-inputs (4).xlsx,156,146.5,11,10,-4.5,False,Pre-PHV,PHV -2,급성장 이전,
690,민온유,2026-05-07,mps-authoring-inputs (4).xlsx,160,142.5333,11,9,-1.5333,False,Stage 1,PHV -1,가속기,
691,데비드,2026-05-07,mps-authoring-inputs (4).xlsx,158,146.5,12,0,-2.5,False,Pre-PHV,PHV -2,급성장 이전,
692,김이한,2026-05-07,mps-authoring-inputs (4).xlsx,163,144.8333,13,1,12.1667,False,Stage 1,PHV -1,가속기,
693,김유래,2026-05-07,mps-authoring-inputs (4).xlsx,162,146.1613,11,10,-4.1613,False,Pre-PHV,PHV -2,급성장 이전,
694,김세준,2026-05-07,mps-authoring-inputs (4).xlsx,161,138.3,11,8,1.7,False,Pre-PHV,PHV -2,급성장 이전,
695,허민우,2026-05-06,mps-authoring-inputs (4).xlsx,165,129.4,11,0,2.6,False,Pre-PHV,PHV -2,급성장 이전,
696,최유준,2026-05-06,mps-authoring-inputs (4).xlsx,166,134.9667,11,6,3.0333,False,Pre-PHV,PHV -2,급성장 이전,
697,윤서준,2026-05-06,mps-authoring-inputs (4).xlsx,170,134.0,10,7,-7.0,True,Pre-PHV,PHV -2,급성장 이전,
698,오스틴 austin,2026-05-06,mps-authoring-inputs (4).xlsx,171,128.0645,10,6,-2.0645,False,Pre-PHV,PHV -2,급성장 이전,
699,신지호,2026-05-06,mps-authoring-inputs (4).xlsx,168,125.6,10,8,2.4,False,Pre-PHV,PHV -2,급성장 이전,
700,박윤우,2026-05-06,mps-authoring-inputs (4).xlsx,164,131.6,10,6,-5.6,False,Pre-PHV,PHV -2,급성장 이전,
701,박우찬,2026-05-06,mps-authoring-inputs (4).xlsx,169,135.3,11,2,-1.3,False,Pre-PHV,PHV -2,급성장 이전,
702,김수혁,2026-05-06,mps-authoring-inputs (4).xlsx,173,133.7333,10,10,-3.7333,False,Pre-PHV,PHV -2,급성장 이전,
703,김선혁,2026-05-06,mps-authoring-inputs (4).xlsx,172,134.3,11,1,-1.3,False,Pre-PHV,PHV -2,급성장 이전,
704,정태원,2026-05-04,mps-authoring-inputs (4).xlsx,257,183.5667,16,3,11.4333,False,Stage 4,PHV 0,확인 필요,성장단계·PHV 불일치
705,홍승우,2026-04-30,mps-authoring-inputs (4).xlsx,180,144.9,12,4,3.1,False,Stage 2,PHV 0,급성장기,
706,한서준,2026-04-30,mps-authoring-inputs (4).xlsx,178,144.8667,12,2,1.1333,False,Stage 1,PHV -1,가속기,
707,최윤후,2026-04-30,mps-authoring-inputs (4).xlsx,176,146.7667,12,4,1.2333,False,Stage 1,PHV -1,가속기,
708,전준수,2026-04-30,mps-authoring-inputs (4).xlsx,174,150.4333,12,8,1.5667,False,Stage 2,PHV 0,급성장기,
709,임재인,2026-04-30,mps-authoring-inputs (4).xlsx,175,146.2667,10,10,-16.2667,True,Pre-PHV,PHV -2,급성장 이전,
710,이윤우,2026-04-30,mps-authoring-inputs (4).xlsx,177,144.4667,11,6,-6.4667,True,Pre-PHV,PHV -2,급성장 이전,
711,이예준,2026-04-30,mps-authoring-inputs (4).xlsx,179,146.3333,12,10,7.6667,False,Stage 2,PHV 0,급성장기,
712,김효빈,2026-04-30,mps-authoring-inputs (4).xlsx,183,147.2333,12,7,3.7667,False,Pre-PHV,PHV -2,급성장 이전,
713,김형규,2026-04-30,mps-authoring-inputs (4).xlsx,181,147.4667,14,0,20.5333,False,Stage 2,PHV 0,급성장기,
714,김예준,2026-04-30,mps-authoring-inputs (4).xlsx,182,140.8667,12,4,7.1333,False,Pre-PHV,PHV -2,급성장 이전,
715,홍성원,2026-04-29,mps-authoring-inputs (4).xlsx,185,131.3,10,0,-11.3,True,Pre-PHV,PHV -2,급성장 이전,
716,한상율,2026-04-29,mps-authoring-inputs (4).xlsx,184,129.4667,10,9,-0.4667,False,Pre-PHV,PHV -2,급성장 이전,
717,최지혁,2026-04-29,mps-authoring-inputs (4).xlsx,186,128.7667,10,5,-3.7667,False,Pre-PHV,PHV -2,급성장 이전,
718,이준우,2026-04-29,mps-authoring-inputs (4).xlsx,188,131.0,10,8,-3.0,False,Pre-PHV,PHV -2,급성장 이전,
719,이시우,2026-04-29,mps-authoring-inputs (4).xlsx,192,134.9677,11,3,0.0323,False,Pre-PHV,PHV -2,급성장 이전,
720,윤현명,2026-04-29,mps-authoring-inputs (4).xlsx,189,131.6667,10,3,-8.6667,True,Pre-PHV,PHV -2,급성장 이전,
721,양승현,2026-04-29,mps-authoring-inputs (4).xlsx,187,127.9,10,4,-3.9,False,Pre-PHV,PHV -2,급성장 이전,
722,김태한,2026-04-29,mps-authoring-inputs (4).xlsx,191,126.9677,9,10,-8.9677,True,Pre-PHV,PHV -2,급성장 이전,
723,구교준,2026-04-29,mps-authoring-inputs (4).xlsx,190,135.7333,10,0,-15.7333,True,Pre-PHV,PHV -2,급성장 이전,
724,최원준,2026-04-28,mps-authoring-inputs (4).xlsx,245,133.2333,12,0,10.7667,False,Stage 1,PHV -1,가속기,
725,주태율,2026-04-28,mps-authoring-inputs (4).xlsx,200,134.8667,10,8,-6.8667,True,Pre-PHV,PHV -2,급성장 이전,
726,정유준,2026-04-28,mps-authoring-inputs (4).xlsx,195,129.0,10,6,-3.0,False,Pre-PHV,PHV -2,급성장 이전,
727,이찬민,2026-04-28,mps-authoring-inputs (4).xlsx,193,126.7667,11,0,5.2333,False,Stage 1,PHV 0,확인 필요,성장단계·PHV 불일치
728,이재유,2026-04-28,mps-authoring-inputs (4).xlsx,196,126.5333,11,4,9.4667,False,Stage 1,PHV -1,가속기,
729,이유찬,2026-04-28,mps-authoring-inputs (4).xlsx,197,128.9,9,6,-14.9,True,Pre-PHV,PHV -2,급성장 이전,
730,방시윤,2026-04-28,mps-authoring-inputs (4).xlsx,241,132.1333,11,4,3.8667,False,Pre-PHV,PHV -2,급성장 이전,
731,박현서,2026-04-28,mps-authoring-inputs (4).xlsx,198,130.6,11,6,7.4,False,Stage 1,PHV -1,가속기,
732,박하랑,2026-04-28,mps-authoring-inputs (4).xlsx,202,133.6,10,0,-13.6,True,Stage 1,PHV -1,가속기,
733,문태준,2026-04-28,mps-authoring-inputs (4).xlsx,199,128.7333,11,2,5.2667,False,Pre-PHV,PHV -2,급성장 이전,
734,김정민,2026-04-28,mps-authoring-inputs (4).xlsx,194,132.5,10,10,-2.5,False,Pre-PHV,PHV -2,급성장 이전,
735,권예준,2026-04-28,mps-authoring-inputs (4).xlsx,201,134.3667,12,6,15.6333,False,Stage 2,PHV 0,급성장기,
736,홍찬빈,2026-04-22,mps-authoring-inputs (4).xlsx,203,145.8387,11,6,-7.8387,True,Stage 1,PHV -1,가속기,
737,이예환,2026-04-22,mps-authoring-inputs (4).xlsx,206,144.4,11,8,-4.4,False,Pre-PHV,PHV -2,급성장 이전,
738,안재상,2026-04-22,mps-authoring-inputs (4).xlsx,204,144.4,11,6,-6.4,True,Stage 1,PHV -1,가속기,
739,송하율,2026-04-22,mps-authoring-inputs (4).xlsx,205,146.2667,11,10,-4.2667,False,Pre-PHV,PHV -2,급성장 이전,
740,민진우,2026-04-22,mps-authoring-inputs (4).xlsx,207,141.4,12,0,2.6,False,Stage 2,PHV 0,급성장기,
741,김현중,2026-04-22,mps-authoring-inputs (4).xlsx,208,145.1333,11,6,-7.1333,True,Pre-PHV,PHV -2,급성장 이전,
742,김주혁,2026-04-22,mps-authoring-inputs (4).xlsx,210,145.3,13,6,16.7,False,Stage 2,PHV 0,급성장기,
743,권서준,2026-04-22,mps-authoring-inputs (4).xlsx,209,125.9677,10,6,0.0323,False,Pre-PHV,PHV -2,급성장 이전,
744,정준우,2026-04-20,mps-authoring-inputs (4).xlsx,211,134.9677,11,9,6.0323,False,Stage 1,PHV -1,가속기,
745,김주영B,2026-04-19,mps-authoring-inputs (4).xlsx,223,148.2667,12,1,-3.2667,False,Stage 1,PHV -1,가속기,
746,김서진,2026-04-18,mps-authoring-inputs (4).xlsx,212,152.9355,13,5,8.0645,False,Stage 2,PHV 0,급성장기,
747,곽제이,2026-04-17,mps-authoring-inputs (4).xlsx,254,132.5,11,3,2.5,False,Pre-PHV,PHV -2,급성장 이전,
748,최시윤,2026-04-16,mps-authoring-inputs (4).xlsx,219,158.7742,13,5,2.2258,False,Stage 1,PHV -1,가속기,
749,유지호,2026-04-16,mps-authoring-inputs (4).xlsx,216,151.7419,11,8,-11.7419,True,Stage 1,PHV -1,가속기,
750,김현준,2026-04-16,mps-authoring-inputs (4).xlsx,214,158.5333,13,6,3.4667,False,Stage 2,PHV 0,급성장기,
751,김민환,2026-04-16,mps-authoring-inputs (4).xlsx,217,159.0333,13,5,1.9667,False,Stage 1,PHV -1,가속기,
752,이예율,2026-04-15,mps-authoring-inputs (4).xlsx,222,156.0,13,3,3.0,False,Stage 1,PHV -1,가속기,
753,이두율,2026-04-15,mps-authoring-inputs (4).xlsx,221,152.1333,13,6,9.8667,False,Stage 2,PHV 0,급성장기,
754,이도윤,2026-04-15,mps-authoring-inputs (4).xlsx,227,156.0,12,3,-9.0,True,Pre-PHV,PHV -2,급성장 이전,
755,명세율,2026-04-15,mps-authoring-inputs (4).xlsx,226,155.5484,12,6,-5.5484,False,Stage 2,PHV 0,급성장기,
756,김시완,2026-04-15,mps-authoring-inputs (4).xlsx,225,149.871,11,9,-8.871,True,Stage 1,PHV -1,가속기,
757,김단우,2026-04-15,mps-authoring-inputs (4).xlsx,224,153.2,13,6,8.8,False,Stage 2,PHV 0,급성장기,
758,최윤오,2026-04-14,mps-authoring-inputs (4).xlsx,229,157.2667,13,0,-1.2667,False,Stage 2,PHV 0,급성장기,
759,신윤우,2026-04-14,mps-authoring-inputs (4).xlsx,230,156.4839,14,6,17.5161,False,Stage 3,PHV 1,감속기,
760,지현성,2026-04-09,mps-authoring-inputs (4).xlsx,233,158.0333,15,3,24.9667,False,Stage 4,PHV 2,종료기,
761,임효우,2026-04-09,mps-authoring-inputs (4).xlsx,248,144.6129,12,6,5.3871,False,Stage 1,PHV -2,확인 필요,성장단계·PHV 불일치
762,이준서,2026-04-09,mps-authoring-inputs (4).xlsx,231,152.7097,14,2,17.2903,False,Stage 3,PHV 1,감속기,
763,이선율,2026-04-09,mps-authoring-inputs (4).xlsx,235,154.2,12,6,-4.2,False,Pre-PHV,PHV -2,급성장 이전,
764,박종률,2026-04-09,mps-authoring-inputs (4).xlsx,237,157.1667,13,6,4.8333,False,Stage 2,PHV 0,급성장기,
765,박유찬,2026-04-09,mps-authoring-inputs (4).xlsx,236,156.5806,14,6,17.4194,False,Stage 3,PHV 1,감속기,
766,박누리솔,2026-04-09,mps-authoring-inputs (4).xlsx,232,151.6774,13,6,10.3226,False,Stage 2,PHV 0,급성장기,
767,모렐로 벤자민,2026-04-09,mps-authoring-inputs (4).xlsx,234,154.4194,13,6,7.5806,False,Stage 2,PHV 0,급성장기,
768,김승환,2026-03-25,mps-authoring-inputs (4).xlsx,252,145.8621,11,4,-9.8621,True,Pre-PHV,PHV -2,급성장 이전,
769,정세윤,2026-03-21,mps-authoring-inputs (4).xlsx,250,125.4516,9,9,-8.4516,True,Pre-PHV,PHV -2,급성장 이전,
770,이시원,2026-03-20,mps-authoring-inputs (4).xlsx,243,133.3548,11,0,-1.3548,False,Pre-PHV,PHV -2,급성장 이전,
771,김율,2026-03-20,mps-authoring-inputs (4).xlsx,242,131.75,10,9,-2.75,False,Pre-PHV,PHV -2,급성장 이전,
