구분,선수(실명),원본 파일,엑셀 행,측정일,유형,비고
포함,조동혁,mps-authoring-inputs (11).xlsx,4,2026-09-23,D,
포함,전준수,mps-authoring-inputs (10).xlsx,193,2026-09-19,A,
포함,이지율,mps-authoring-inputs (10).xlsx,7,2026-09-19,G,
포함,이지우,mps-authoring-inputs (10).xlsx,6,2026-09-19,H,
포함,음연재,mps-authoring-inputs (10).xlsx,5,2026-09-19,C,
포함,손하준,mps-authoring-inputs (10).xlsx,4,2026-09-19,H,
포함,김시온,mps-authoring-inputs (10).xlsx,9,2026-09-19,G,
포함,김동읍,mps-authoring-inputs (10).xlsx,8,2026-09-19,G,
포함,신서윤,mps-authoring-inputs (10).xlsx,10,2026-09-17,A,
포함,최윤호,mps-authoring-inputs (10).xlsx,14,2026-09-16,H,
포함,임지완,mps-authoring-inputs (10).xlsx,16,2026-09-16,D,
포함,윤시우,mps-authoring-inputs (11).xlsx,14,2026-09-16,D,
포함,반주원,mps-authoring-inputs (4).xlsx,6,2026-09-16,A,
포함,노현성,mps-authoring-inputs (10).xlsx,12,2026-09-16,A,
포함,김찬영,mps-authoring-inputs (4).xlsx,5,2026-09-16,H,
포함,김주혁,mps-authoring-inputs (4).xlsx,4,2026-09-16,H,
포함,김민결,mps-authoring-inputs (10).xlsx,11,2026-09-16,E,
포함,이한,mps-authoring-inputs (10).xlsx,18,2026-09-15,H,
포함,박다빈,mps-authoring-inputs (10).xlsx,19,2026-09-15,G,
포함,김지한,mps-authoring-inputs (4).xlsx,7,2026-09-15,E,
포함,김규원,mps-authoring-inputs (10).xlsx,21,2026-09-15,G,
포함,한리구,mps-authoring-inputs (10).xlsx,31,2026-09-14,H,
포함,전우현,mps-authoring-inputs (10).xlsx,276,2026-09-14,H,
포함,이정수,mps-authoring-inputs (4).xlsx,15,2026-09-14,H,
포함,이동하,mps-authoring-inputs (10).xlsx,251,2026-09-14,E,
포함,이도윤,mps-authoring-inputs (10).xlsx,117,2026-09-14,H,
포함,윤하람,mps-authoring-inputs (4).xlsx,8,2026-09-14,H,
포함,윤준규,mps-authoring-inputs (4).xlsx,11,2026-09-14,F,
포함,서정민,mps-authoring-inputs (4).xlsx,9,2026-09-14,E,
포함,서우빈,mps-authoring-inputs (4).xlsx,10,2026-09-14,E,
포함,박주원,mps-authoring-inputs (4).xlsx,12,2026-09-14,E,
포함,박시윤,mps-authoring-inputs (4).xlsx,13,2026-09-14,A,
포함,박슬우,mps-authoring-inputs (10).xlsx,23,2026-09-14,E,
포함,김승주,mps-authoring-inputs (10).xlsx,28,2026-09-14,D,
포함,김세한,mps-authoring-inputs (4).xlsx,14,2026-09-14,H,
포함,김민준,mps-authoring-inputs (10).xlsx,22,2026-09-14,H,
포함,이승우,mps-authoring-inputs (4).xlsx,218,2026-09-12,H,
포함,이상우,mps-authoring-inputs (4).xlsx,17,2026-09-12,H,
포함,소준희,mps-authoring-inputs (4).xlsx,19,2026-09-12,F,
포함,김주영A,mps-authoring-inputs (10).xlsx,236,2026-09-12,F,
포함,김민준,mps-authoring-inputs (4).xlsx,16,2026-09-12,D,
포함,강동완,mps-authoring-inputs (4).xlsx,253,2026-09-07,G,
포함,임영준,MPS_멘탈포지션_8유형_v2.xlsx,2,2026-09-05,H,
포함,이정윤,MPS_멘탈포지션_8유형_v2.xlsx,242,2026-09-05,H,
포함,서환희,mps-authoring-inputs (3).xlsx,5,2026-08-31,B,
포함,이준후,MPS_멘탈포지션_8유형_v2.xlsx,4,2026-08-29,A,
포함,신민찬,MPS_멘탈포지션_8유형_v2.xlsx,196,2026-08-29,G,
포함,손신유,MPS_멘탈포지션_8유형_v2.xlsx,5,2026-08-29,G,
포함,백채아,MPS_멘탈포지션_8유형_v2.xlsx,3,2026-08-29,D,
포함,김정우,MPS_멘탈포지션_8유형_v2.xlsx,210,2026-08-29,D,
포함,오현준,MPS_멘탈포지션_8유형_v2.xlsx,198,2026-08-28,D,
포함,조유승,mps-authoring-inputs (3).xlsx,4,2026-08-26,G,
포함,이우빈,MPS_멘탈포지션_8유형_v2.xlsx,10,2026-08-22,D,
포함,유정훈,MPS_멘탈포지션_8유형_v2.xlsx,7,2026-08-22,G,
포함,유선민,MPS_멘탈포지션_8유형_v2.xlsx,6,2026-08-22,H,
포함,안서진,MPS_멘탈포지션_8유형_v2.xlsx,12,2026-08-22,A,
포함,송현우,MPS_멘탈포지션_8유형_v2.xlsx,9,2026-08-22,A,
포함,백규헌,MPS_멘탈포지션_8유형_v2.xlsx,8,2026-08-22,E,
포함,박정준,MPS_멘탈포지션_8유형_v2.xlsx,11,2026-08-22,F,
포함,박건우,MPS_멘탈포지션_8유형_v2.xlsx,202,2026-08-22,B,
포함,이승환,MPS_멘탈포지션_8유형_v2.xlsx,13,2026-08-14,G,
포함,이도윤,MPS_멘탈포지션_8유형_v2.xlsx,14,2026-08-08,H,
포함,이송규,MPS_멘탈포지션_8유형_v2.xlsx,241,2026-08-05,E,
포함,임정빈,MPS_멘탈포지션_8유형_v2.xlsx,17,2026-07-27,H,
포함,고서진,MPS_멘탈포지션_8유형_v2.xlsx,15,2026-07-27,G,
포함,강승원,MPS_멘탈포지션_8유형_v2.xlsx,16,2026-07-27,D,
포함,허정우,MPS_멘탈포지션_8유형_v2.xlsx,24,2026-07-25,H,
포함,최승우,MPS_멘탈포지션_8유형_v2.xlsx,26,2026-07-25,H,
포함,이정우,MPS_멘탈포지션_8유형_v2.xlsx,25,2026-07-25,A,
포함,양승현,MPS_멘탈포지션_8유형_v2.xlsx,22,2026-07-25,A,
포함,박지우,MPS_멘탈포지션_8유형_v2.xlsx,27,2026-07-25,F,
포함,박재하,MPS_멘탈포지션_8유형_v2.xlsx,19,2026-07-25,G,
포함,박범,MPS_멘탈포지션_8유형_v2.xlsx,23,2026-07-25,D,
포함,김주원,MPS_멘탈포지션_8유형_v2.xlsx,21,2026-07-25,D,
포함,김건준,MPS_멘탈포지션_8유형_v2.xlsx,20,2026-07-25,E,
포함,길시혁,MPS_멘탈포지션_8유형_v2.xlsx,18,2026-07-25,F,
포함,이시준,MPS_멘탈포지션_8유형_v2.xlsx,28,2026-07-23,H,
포함,김연우,MPS_멘탈포지션_8유형_v2.xlsx,29,2026-07-20,E,
포함,한시우,MPS_멘탈포지션_8유형_v2.xlsx,30,2026-07-18,A,
포함,최장우,MPS_멘탈포지션_8유형_v2.xlsx,31,2026-07-18,F,
포함,조요한,MPS_멘탈포지션_8유형_v2.xlsx,32,2026-07-18,H,
포함,임태우,MPS_멘탈포지션_8유형_v2.xlsx,33,2026-07-15,B,
포함,한재민,mps-authoring-inputs (3).xlsx,11,2026-07-13,H,
포함,한동우,mps-authoring-inputs (3).xlsx,7,2026-07-13,H,
포함,최건우,mps-authoring-inputs (3).xlsx,6,2026-07-13,E,
포함,진강현,mps-authoring-inputs (3).xlsx,16,2026-07-13,H,
포함,이주현,mps-authoring-inputs (3).xlsx,9,2026-07-13,F,
포함,오승택,MPS_멘탈포지션_8유형_v2.xlsx,34,2026-07-13,H,
포함,송진우,mps-authoring-inputs (3).xlsx,17,2026-07-13,F,
포함,마아론,mps-authoring-inputs (3).xlsx,8,2026-07-13,H,
포함,김준휘,mps-authoring-inputs (3).xlsx,10,2026-07-13,H,
포함,김이준,mps-authoring-inputs (3).xlsx,14,2026-07-13,H,
포함,김연후,mps-authoring-inputs (3).xlsx,13,2026-07-13,G,
포함,김시원,mps-authoring-inputs (3).xlsx,12,2026-07-13,F,
포함,길하성,mps-authoring-inputs (3).xlsx,15,2026-07-13,D,
포함,황준서,MPS_멘탈포지션_8유형_v2.xlsx,37,2026-07-11,E,
포함,황시후,MPS_멘탈포지션_8유형_v2.xlsx,38,2026-07-11,D,
포함,최디마,MPS_멘탈포지션_8유형_v2.xlsx,36,2026-07-11,A,
포함,이도원,mps-authoring-inputs (3).xlsx,18,2026-07-11,G,
포함,고은기,MPS_멘탈포지션_8유형_v2.xlsx,35,2026-07-11,E,
포함,이준희,mps-authoring-inputs (3).xlsx,19,2026-07-08,A,
포함,황지후,mps-authoring-inputs (1).xlsx,88,2026-07-05,D,
포함,황윤서,mps-authoring-inputs (1).xlsx,70,2026-07-05,D,
포함,황서준,mps-authoring-inputs (1).xlsx,4,2026-07-05,H,
포함,홍지오,mps-authoring-inputs (1).xlsx,90,2026-07-05,F,
포함,홍재호,mps-authoring-inputs (1).xlsx,58,2026-07-05,B,
포함,최희원,mps-authoring-inputs (1).xlsx,107,2026-07-05,E,
포함,최윤호,mps-authoring-inputs (1).xlsx,81,2026-07-05,A,
포함,최윤우,mps-authoring-inputs (1).xlsx,103,2026-07-05,A,
포함,채준우,mps-authoring-inputs (1).xlsx,61,2026-07-05,F,
포함,진재율,mps-authoring-inputs (1).xlsx,98,2026-07-05,D,
포함,조정빈,mps-authoring-inputs (1).xlsx,75,2026-07-05,G,
포함,조이찬,mps-authoring-inputs (1).xlsx,15,2026-07-05,E,
포함,조은호,mps-authoring-inputs (1).xlsx,53,2026-07-05,G,
포함,정지후,mps-authoring-inputs (1).xlsx,105,2026-07-05,G,
포함,정지용,mps-authoring-inputs (1).xlsx,102,2026-07-05,G,
포함,정윤성,mps-authoring-inputs (1).xlsx,49,2026-07-05,A,
포함,정우진,mps-authoring-inputs (1).xlsx,86,2026-07-05,D,
포함,정서하,mps-authoring-inputs (1).xlsx,96,2026-07-05,A,
포함,정도윤,mps-authoring-inputs (1).xlsx,91,2026-07-05,H,
포함,전이든,mps-authoring-inputs (1).xlsx,18,2026-07-05,G,
포함,전은성,mps-authoring-inputs (1).xlsx,101,2026-07-05,F,
포함,장민준,mps-authoring-inputs (1).xlsx,113,2026-07-05,A,
포함,임준모,mps-authoring-inputs (1).xlsx,94,2026-07-05,G,
포함,임수열,mps-authoring-inputs (1).xlsx,54,2026-07-05,H,
포함,이찬희,mps-authoring-inputs (1).xlsx,79,2026-07-05,B,
포함,이지훈,mps-authoring-inputs (1).xlsx,87,2026-07-05,F,
포함,이지후,mps-authoring-inputs (1).xlsx,83,2026-07-05,A,
포함,이주호,mps-authoring-inputs (1).xlsx,68,2026-07-05,F,
포함,이주원,mps-authoring-inputs (1).xlsx,78,2026-07-05,G,
포함,이종현,mps-authoring-inputs (1).xlsx,69,2026-07-05,C,
포함,이정규,mps-authoring-inputs (1).xlsx,93,2026-07-05,H,
포함,이우진,mps-authoring-inputs (1).xlsx,92,2026-07-05,G,
포함,이우영,mps-authoring-inputs (1).xlsx,112,2026-07-05,H,
포함,이온유,mps-authoring-inputs (1).xlsx,13,2026-07-05,G,
포함,이시우,mps-authoring-inputs (1).xlsx,76,2026-07-05,H,
포함,이승후,mps-authoring-inputs (1).xlsx,106,2026-07-05,B,
포함,이승민,mps-authoring-inputs (1).xlsx,89,2026-07-05,F,
포함,이서준,mps-authoring-inputs (1).xlsx,48,2026-07-05,H,
포함,이서준,mps-authoring-inputs (1).xlsx,60,2026-07-05,H,
포함,이로이,mps-authoring-inputs (1).xlsx,99,2026-07-05,G,
포함,이도현,mps-authoring-inputs (1).xlsx,6,2026-07-05,G,
포함,윤지후,mps-authoring-inputs (1).xlsx,44,2026-07-05,E,
포함,윤서호,mps-authoring-inputs (1).xlsx,19,2026-07-05,B,
포함,유지훈,mps-authoring-inputs (1).xlsx,51,2026-07-05,E,
포함,용준우,mps-authoring-inputs (1).xlsx,100,2026-07-05,H,
포함,오준우,mps-authoring-inputs (1).xlsx,111,2026-07-05,A,
포함,오은찬,mps-authoring-inputs (1).xlsx,97,2026-07-05,D,
포함,여정엽,mps-authoring-inputs (1).xlsx,46,2026-07-05,A,
포함,엄유식,mps-authoring-inputs (1).xlsx,63,2026-07-05,G,
포함,양성진,mps-authoring-inputs (1).xlsx,11,2026-07-05,F,
포함,안호람,mps-authoring-inputs (1).xlsx,16,2026-07-05,E,
포함,안지환,mps-authoring-inputs (1).xlsx,47,2026-07-05,A,
포함,심승우,mps-authoring-inputs (1).xlsx,72,2026-07-05,E,
포함,신희윤,mps-authoring-inputs (1).xlsx,110,2026-07-05,B,
포함,신이현,mps-authoring-inputs (1).xlsx,14,2026-07-05,H,
포함,신이완,mps-authoring-inputs (1).xlsx,65,2026-07-05,G,
포함,손준영,mps-authoring-inputs (1).xlsx,77,2026-07-05,E,
포함,손승범,mps-authoring-inputs (1).xlsx,73,2026-07-05,D,
포함,석민준,mps-authoring-inputs (1).xlsx,43,2026-07-05,E,
포함,서윤우,mps-authoring-inputs (1).xlsx,109,2026-07-05,B,
포함,서유준,mps-authoring-inputs (1).xlsx,5,2026-07-05,D,
포함,백준우,mps-authoring-inputs (1).xlsx,62,2026-07-05,E,
포함,백서진,mps-authoring-inputs (1).xlsx,52,2026-07-05,H,
포함,배서진,mps-authoring-inputs (1).xlsx,21,2026-07-05,A,
포함,박찬이,mps-authoring-inputs (1).xlsx,42,2026-07-05,F,
포함,박정우,mps-authoring-inputs (1).xlsx,10,2026-07-05,D,
포함,박시온,mps-authoring-inputs (1).xlsx,108,2026-07-05,D,
포함,박성진,mps-authoring-inputs (1).xlsx,104,2026-07-05,G,
포함,박민혁,mps-authoring-inputs (1).xlsx,82,2026-07-05,G,
포함,박도준,mps-authoring-inputs (1).xlsx,55,2026-07-05,D,
포함,박경준,mps-authoring-inputs (1).xlsx,57,2026-07-05,A,
포함,박건희,mps-authoring-inputs (1).xlsx,20,2026-07-05,B,
포함,민노엘,mps-authoring-inputs (1).xlsx,45,2026-07-05,G,
포함,문시원,mps-authoring-inputs (1).xlsx,74,2026-07-05,G,
포함,노하준,mps-authoring-inputs (1).xlsx,50,2026-07-05,D,
포함,노이찬,mps-authoring-inputs (1).xlsx,66,2026-07-05,G,
포함,김하린,mps-authoring-inputs (1).xlsx,7,2026-07-05,G,
포함,김준이,mps-authoring-inputs (1).xlsx,95,2026-07-05,F,
포함,김주언,mps-authoring-inputs (1).xlsx,17,2026-07-05,F,
포함,김연준,mps-authoring-inputs (1).xlsx,56,2026-07-05,A,
포함,김승재,mps-authoring-inputs (1).xlsx,80,2026-07-05,H,
포함,김수현,mps-authoring-inputs (1).xlsx,59,2026-07-05,A,
포함,김수현,mps-authoring-inputs (1).xlsx,84,2026-07-05,G,
포함,김서준,mps-authoring-inputs (1).xlsx,12,2026-07-05,H,
포함,김민준,mps-authoring-inputs (1).xlsx,8,2026-07-05,E,
포함,김도규,mps-authoring-inputs (1).xlsx,9,2026-07-05,D,
포함,강현준,mps-authoring-inputs (1).xlsx,67,2026-07-05,D,
포함,강승유,mps-authoring-inputs (1).xlsx,85,2026-07-05,E,
포함,강민준,mps-authoring-inputs (1).xlsx,71,2026-07-05,E,
포함,강래온,mps-authoring-inputs (1).xlsx,64,2026-07-05,D,
포함,황산,mps-authoring-inputs (1).xlsx,115,2026-07-04,H,
포함,홍승준,mps-authoring-inputs (1).xlsx,153,2026-07-04,G,
포함,홍민기,mps-authoring-inputs (1).xlsx,173,2026-07-04,H,
포함,현승유,mps-authoring-inputs (1).xlsx,191,2026-07-04,G,
포함,함도균,mps-authoring-inputs (1).xlsx,178,2026-07-04,A,
포함,한재현,mps-authoring-inputs (1).xlsx,125,2026-07-04,H,
포함,한서준,mps-authoring-inputs (1).xlsx,139,2026-07-04,D,
포함,표세혁,mps-authoring-inputs (1).xlsx,141,2026-07-04,H,
포함,최하준,mps-authoring-inputs (1).xlsx,146,2026-07-04,G,
포함,최진명,mps-authoring-inputs (1).xlsx,193,2026-07-04,E,
포함,최윤수,mps-authoring-inputs (1).xlsx,119,2026-07-04,A,
포함,최우성,mps-authoring-inputs (1).xlsx,155,2026-07-04,B,
포함,최선웅,mps-authoring-inputs (1).xlsx,138,2026-07-04,C,
포함,진하늘,mps-authoring-inputs (1).xlsx,144,2026-07-04,A,
포함,진채윤,mps-authoring-inputs (1).xlsx,177,2026-07-04,A,
포함,조환희,mps-authoring-inputs (1).xlsx,150,2026-07-04,G,
포함,조형우,mps-authoring-inputs (1).xlsx,27,2026-07-04,F,
포함,조성윤,mps-authoring-inputs (1).xlsx,197,2026-07-04,A,
포함,조민유,mps-authoring-inputs (1).xlsx,182,2026-07-04,H,
포함,정찬,mps-authoring-inputs (1).xlsx,122,2026-07-04,F,
포함,정승환,mps-authoring-inputs (1).xlsx,160,2026-07-04,D,
포함,정민수,mps-authoring-inputs (1).xlsx,36,2026-07-04,G,
포함,정강우,mps-authoring-inputs (1).xlsx,203,2026-07-04,B,
포함,전현준,mps-authoring-inputs (1).xlsx,137,2026-07-04,D,
포함,전태성,mps-authoring-inputs (1).xlsx,159,2026-07-04,D,
포함,전재윤,mps-authoring-inputs (1).xlsx,123,2026-07-04,A,
포함,전유준,mps-authoring-inputs (1).xlsx,25,2026-07-04,H,
포함,임태빈,mps-authoring-inputs (1).xlsx,124,2026-07-04,G,
포함,이후영,mps-authoring-inputs (1).xlsx,198,2026-07-04,H,
포함,이현재,mps-authoring-inputs (1).xlsx,35,2026-07-04,A,
포함,이하율,mps-authoring-inputs (1).xlsx,156,2026-07-04,H,
포함,이하빈,mps-authoring-inputs (1).xlsx,209,2026-07-04,E,
포함,이중기,mps-authoring-inputs (1).xlsx,174,2026-07-04,F,
포함,이준혁,mps-authoring-inputs (1).xlsx,37,2026-07-04,B,
포함,이준혁,mps-authoring-inputs (1).xlsx,140,2026-07-04,H,
포함,이원재,mps-authoring-inputs (1).xlsx,170,2026-07-04,D,
포함,이서준,mps-authoring-inputs (1).xlsx,120,2026-07-04,H,
포함,이민재,mps-authoring-inputs (1).xlsx,233,2026-07-04,D,
포함,이도윤,mps-authoring-inputs (1).xlsx,23,2026-07-04,A,
포함,이경표,mps-authoring-inputs (1).xlsx,38,2026-07-04,G,
포함,이강윤,mps-authoring-inputs (1).xlsx,157,2026-07-04,G,
포함,윤찬영,mps-authoring-inputs (1).xlsx,196,2026-07-04,D,
포함,윤예준,mps-authoring-inputs (1).xlsx,183,2026-07-04,G,
포함,윤성진,mps-authoring-inputs (1).xlsx,118,2026-07-04,G,
포함,유하준,mps-authoring-inputs (1).xlsx,164,2026-07-04,A,
포함,원예준,mps-authoring-inputs (1).xlsx,152,2026-07-04,A,
포함,원도윤,mps-authoring-inputs (1).xlsx,131,2026-07-04,G,
포함,오지환,mps-authoring-inputs (1).xlsx,114,2026-07-04,F,
포함,오서준,mps-authoring-inputs (1).xlsx,195,2026-07-04,C,
포함,양한울,mps-authoring-inputs (1).xlsx,39,2026-07-04,H,
포함,안하윤,mps-authoring-inputs (1).xlsx,169,2026-07-04,D,
포함,안태율,mps-authoring-inputs (1).xlsx,163,2026-07-04,G,
포함,안유하,mps-authoring-inputs (1).xlsx,142,2026-07-04,D,
포함,안리후,mps-authoring-inputs (1).xlsx,135,2026-07-04,F,
포함,심도현,mps-authoring-inputs (1).xlsx,127,2026-07-04,F,
포함,신태민,mps-authoring-inputs (1).xlsx,176,2026-07-04,A,
포함,신주호,mps-authoring-inputs (1).xlsx,32,2026-07-04,E,
포함,신이원,mps-authoring-inputs (1).xlsx,185,2026-07-04,G,
포함,신은찬,mps-authoring-inputs (1).xlsx,181,2026-07-04,A,
포함,신우영,mps-authoring-inputs (1).xlsx,31,2026-07-04,G,
포함,신연재,mps-authoring-inputs (1).xlsx,165,2026-07-04,F,
포함,송진후,mps-authoring-inputs (1).xlsx,194,2026-07-04,G,
포함,손지섭,mps-authoring-inputs (1).xlsx,211,2026-07-04,H,
포함,서민준,mps-authoring-inputs (1).xlsx,179,2026-07-04,A,
포함,서강희,mps-authoring-inputs (1).xlsx,162,2026-07-04,D,
포함,박한울,mps-authoring-inputs (1).xlsx,130,2026-07-04,D,
포함,박준우,mps-authoring-inputs (1).xlsx,199,2026-07-04,G,
포함,박설후,mps-authoring-inputs (1).xlsx,166,2026-07-04,H,
포함,박상현,mps-authoring-inputs (1).xlsx,22,2026-07-04,H,
포함,박규진,mps-authoring-inputs (1).xlsx,148,2026-07-04,G,
포함,문준혁,mps-authoring-inputs (1).xlsx,154,2026-07-04,D,
포함,문준서,mps-authoring-inputs (1).xlsx,145,2026-07-04,D,
포함,김현우,mps-authoring-inputs (1).xlsx,212,2026-07-04,H,
포함,김한결,mps-authoring-inputs (1).xlsx,24,2026-07-04,D,
포함,김하준,mps-authoring-inputs (1).xlsx,202,2026-07-04,D,
포함,김하늘,mps-authoring-inputs (1).xlsx,189,2026-07-04,A,
포함,김태호,mps-authoring-inputs (1).xlsx,116,2026-07-04,H,
포함,김지율,mps-authoring-inputs (1).xlsx,180,2026-07-04,G,
포함,김지우,mps-authoring-inputs (1).xlsx,34,2026-07-04,H,
포함,김지오,mps-authoring-inputs (1).xlsx,187,2026-07-04,D,
포함,김준우,mps-authoring-inputs (1).xlsx,29,2026-07-04,G,
포함,김준,mps-authoring-inputs (1).xlsx,172,2026-07-04,F,
포함,김주현,mps-authoring-inputs (1).xlsx,134,2026-07-04,G,
포함,김주하,mps-authoring-inputs (1).xlsx,190,2026-07-04,E,
포함,김주원,mps-authoring-inputs (1).xlsx,151,2026-07-04,B,
포함,김주원,mps-authoring-inputs (1).xlsx,201,2026-07-04,A,
포함,김재환,mps-authoring-inputs (1).xlsx,167,2026-07-04,A,
포함,김재원,mps-authoring-inputs (1).xlsx,147,2026-07-04,E,
포함,김재원,mps-authoring-inputs (1).xlsx,158,2026-07-04,E,
포함,김이안,mps-authoring-inputs (1).xlsx,126,2026-07-04,A,
포함,김은우,mps-authoring-inputs (1).xlsx,184,2026-07-04,H,
포함,김우경,mps-authoring-inputs (1).xlsx,175,2026-07-04,A,
포함,김요셉,mps-authoring-inputs (1).xlsx,129,2026-07-04,B,
포함,김예준,mps-authoring-inputs (1).xlsx,33,2026-07-04,H,
포함,김연호,mps-authoring-inputs (1).xlsx,132,2026-07-04,H,
포함,김시윤,mps-authoring-inputs (1).xlsx,200,2026-07-04,H,
포함,김세진,mps-authoring-inputs (1).xlsx,143,2026-07-04,A,
포함,김성환,mps-authoring-inputs (1).xlsx,149,2026-07-04,E,
포함,김민찬,mps-authoring-inputs (1).xlsx,186,2026-07-04,D,
포함,김민준,mps-authoring-inputs (1).xlsx,30,2026-07-04,G,
포함,김민재,mps-authoring-inputs (1).xlsx,161,2026-07-04,G,
포함,김로빈,mps-authoring-inputs (1).xlsx,26,2026-07-04,F,
포함,김동후,mps-authoring-inputs (1).xlsx,128,2026-07-04,A,
포함,김도훈,mps-authoring-inputs (1).xlsx,28,2026-07-04,H,
포함,김도진,mps-authoring-inputs (1).xlsx,171,2026-07-04,H,
포함,김다을,mps-authoring-inputs (1).xlsx,192,2026-07-04,C,
포함,권율,mps-authoring-inputs (1).xlsx,121,2026-07-04,A,
포함,곽민규,mps-authoring-inputs (1).xlsx,168,2026-07-04,D,
포함,고시후,mps-authoring-inputs (1).xlsx,40,2026-07-04,F,
포함,강유찬,mps-authoring-inputs (1).xlsx,136,2026-07-04,G,
포함,강민성,mps-authoring-inputs (1).xlsx,133,2026-07-04,G,
포함,강민규,mps-authoring-inputs (1).xlsx,188,2026-07-04,G,
포함,강도연,mps-authoring-inputs (1).xlsx,117,2026-07-04,H,
포함,황휴재승,mps-authoring-inputs (1).xlsx,218,2026-07-03,F,
포함,황해율,mps-authoring-inputs (1).xlsx,259,2026-07-03,B,
포함,황이안,mps-authoring-inputs (1).xlsx,283,2026-07-03,H,
포함,홍서원,mps-authoring-inputs (1).xlsx,238,2026-07-03,A,
포함,현정우,mps-authoring-inputs (1).xlsx,338,2026-07-03,H,
포함,허윤,mps-authoring-inputs (1).xlsx,288,2026-07-03,G,
포함,한슬우,mps-authoring-inputs (1).xlsx,244,2026-07-03,G,
포함,한결,mps-authoring-inputs (1).xlsx,337,2026-07-03,E,
포함,하정우,mps-authoring-inputs (1).xlsx,267,2026-07-03,G,
포함,프란체스코,mps-authoring-inputs (1).xlsx,302,2026-07-03,H,
포함,최주원,mps-authoring-inputs (1).xlsx,213,2026-07-03,G,
포함,최시우,mps-authoring-inputs (1).xlsx,340,2026-07-03,H,
포함,최선호,mps-authoring-inputs (1).xlsx,205,2026-07-03,A,
포함,지승유,mps-authoring-inputs (1).xlsx,320,2026-07-03,E,
포함,주선우,mps-authoring-inputs (1).xlsx,331,2026-07-03,G,
포함,조희준,mps-authoring-inputs (1).xlsx,307,2026-07-03,E,
포함,조주원,mps-authoring-inputs (1).xlsx,241,2026-07-03,A,
포함,조유안,mps-authoring-inputs (1).xlsx,236,2026-07-03,G,
포함,조성환,mps-authoring-inputs (1).xlsx,325,2026-07-03,A,
포함,정하준,mps-authoring-inputs (1).xlsx,312,2026-07-03,G,
포함,정주원,mps-authoring-inputs (1).xlsx,269,2026-07-03,D,
포함,정우인,mps-authoring-inputs (1).xlsx,250,2026-07-03,H,
포함,전태양,mps-authoring-inputs (1).xlsx,261,2026-07-03,G,
포함,전우빈,mps-authoring-inputs (1).xlsx,291,2026-07-03,G,
포함,장하준,mps-authoring-inputs (1).xlsx,232,2026-07-03,D,
포함,장지우,mps-authoring-inputs (1).xlsx,285,2026-07-03,H,
포함,장이진,mps-authoring-inputs (1).xlsx,268,2026-07-03,D,
포함,임창중,mps-authoring-inputs (1).xlsx,221,2026-07-03,A,
포함,임지후,mps-authoring-inputs (1).xlsx,254,2026-07-03,E,
포함,임윤성,mps-authoring-inputs (1).xlsx,229,2026-07-03,G,
포함,임도윤,mps-authoring-inputs (1).xlsx,284,2026-07-03,H,
포함,임경수,mps-authoring-inputs (1).xlsx,301,2026-07-03,G,
포함,임강우,mps-authoring-inputs (1).xlsx,310,2026-07-03,H,
포함,이희수,mps-authoring-inputs (1).xlsx,277,2026-07-03,F,
포함,이현규,mps-authoring-inputs (1).xlsx,219,2026-07-03,A,
포함,이태영,mps-authoring-inputs (1).xlsx,220,2026-07-03,A,
포함,이지율,mps-authoring-inputs (1).xlsx,322,2026-07-03,G,
포함,이준희,mps-authoring-inputs (1).xlsx,252,2026-07-03,H,
포함,이제후,mps-authoring-inputs (1).xlsx,279,2026-07-03,D,
포함,이정우,mps-authoring-inputs (1).xlsx,214,2026-07-03,H,
포함,이재윤,mps-authoring-inputs (1).xlsx,318,2026-07-03,F,
포함,이이섭,mps-authoring-inputs (1).xlsx,224,2026-07-03,D,
포함,이예준,mps-authoring-inputs (1).xlsx,334,2026-07-03,A,
포함,이연후,mps-authoring-inputs (1).xlsx,256,2026-07-03,G,
포함,이연준,mps-authoring-inputs (1).xlsx,330,2026-07-03,E,
포함,이승주,mps-authoring-inputs (1).xlsx,248,2026-07-03,E,
포함,이승재,mps-authoring-inputs (1).xlsx,235,2026-07-03,D,
포함,이세민,mps-authoring-inputs (1).xlsx,210,2026-07-03,D,
포함,이성윤,mps-authoring-inputs (1).xlsx,317,2026-07-03,H,
포함,이서준,mps-authoring-inputs (1).xlsx,225,2026-07-03,A,
포함,이서율,mps-authoring-inputs (1).xlsx,311,2026-07-03,B,
포함,이범호,mps-authoring-inputs (1).xlsx,332,2026-07-03,D,
포함,이래원,mps-authoring-inputs (1).xlsx,242,2026-07-03,H,
포함,이도형,mps-authoring-inputs (1).xlsx,290,2026-07-03,D,
포함,이도준,mps-authoring-inputs (1).xlsx,292,2026-07-03,E,
포함,윤희재,mps-authoring-inputs (1).xlsx,207,2026-07-03,E,
포함,윤유준,mps-authoring-inputs (1).xlsx,215,2026-07-03,E,
포함,윤시영,mps-authoring-inputs (1).xlsx,287,2026-07-03,E,
포함,윤소망,mps-authoring-inputs (1).xlsx,281,2026-07-03,F,
포함,윤상진,mps-authoring-inputs (1).xlsx,206,2026-07-03,B,
포함,윤동민,mps-authoring-inputs (1).xlsx,246,2026-07-03,F,
포함,유지우,mps-authoring-inputs (1).xlsx,313,2026-07-03,A,
포함,유예준,mps-authoring-inputs (1).xlsx,321,2026-07-03,D,
포함,유연호,mps-authoring-inputs (1).xlsx,216,2026-07-03,A,
포함,유수현,mps-authoring-inputs (1).xlsx,247,2026-07-03,G,
포함,우하준,mps-authoring-inputs (1).xlsx,280,2026-07-03,A,
포함,오성훈,mps-authoring-inputs (1).xlsx,240,2026-07-03,C,
포함,양주환,mps-authoring-inputs (1).xlsx,223,2026-07-03,F,
포함,양승혁,mps-authoring-inputs (1).xlsx,286,2026-07-03,G,
포함,양승주,mps-authoring-inputs (1).xlsx,289,2026-07-03,H,
포함,안서인,mps-authoring-inputs (1).xlsx,315,2026-07-03,G,
포함,심찬율,mps-authoring-inputs (1).xlsx,217,2026-07-03,A,
포함,심주원,mps-authoring-inputs (1).xlsx,272,2026-07-03,B,
포함,심도재,mps-authoring-inputs (1).xlsx,305,2026-07-03,G,
포함,신재민,mps-authoring-inputs (1).xlsx,335,2026-07-03,A,
포함,신유찬,mps-authoring-inputs (1).xlsx,304,2026-07-03,H,
포함,신연우,mps-authoring-inputs (1).xlsx,323,2026-07-03,G,
포함,송하준,mps-authoring-inputs (1).xlsx,255,2026-07-03,H,
포함,송대근,mps-authoring-inputs (1).xlsx,237,2026-07-03,A,
포함,송건오,mps-authoring-inputs (1).xlsx,231,2026-07-03,D,
포함,성윤,mps-authoring-inputs (1).xlsx,308,2026-07-03,B,
포함,성민호,mps-authoring-inputs (1).xlsx,276,2026-07-03,F,
포함,서이온,mps-authoring-inputs (1).xlsx,266,2026-07-03,E,
포함,서윤혁,mps-authoring-inputs (1).xlsx,230,2026-07-03,A,
포함,박현수,mps-authoring-inputs (1).xlsx,262,2026-07-03,A,
포함,박정진,mps-authoring-inputs (1).xlsx,227,2026-07-03,F,
포함,박시오,mps-authoring-inputs (1).xlsx,271,2026-07-03,F,
포함,박서준,mps-authoring-inputs (1).xlsx,303,2026-07-03,D,
포함,박민현,mps-authoring-inputs (1).xlsx,264,2026-07-03,G,
포함,박민규,mps-authoring-inputs (1).xlsx,245,2026-07-03,A,
포함,박동주,mps-authoring-inputs (1).xlsx,333,2026-07-03,E,
포함,박대완,mps-authoring-inputs (1).xlsx,297,2026-07-03,A,
포함,문유호,mps-authoring-inputs (1).xlsx,260,2026-07-03,H,
포함,명선호,mps-authoring-inputs (1).xlsx,257,2026-07-03,D,
포함,류근하,mps-authoring-inputs (1).xlsx,253,2026-07-03,H,
포함,노윤성,mps-authoring-inputs (1).xlsx,226,2026-07-03,F,
포함,나건희,mps-authoring-inputs (1).xlsx,234,2026-07-03,H,
포함,김환,mps-authoring-inputs (1).xlsx,282,2026-07-03,H,
포함,김현진,mps-authoring-inputs (1).xlsx,299,2026-07-03,F,
포함,김현유,mps-authoring-inputs (1).xlsx,243,2026-07-03,G,
포함,김하진,mps-authoring-inputs (1).xlsx,263,2026-07-03,G,
포함,김태지,mps-authoring-inputs (1).xlsx,270,2026-07-03,D,
포함,김태양,mps-authoring-inputs (1).xlsx,251,2026-07-03,F,
포함,김진우,mps-authoring-inputs (1).xlsx,298,2026-07-03,F,
포함,김지한,mps-authoring-inputs (1).xlsx,326,2026-07-03,G,
포함,김지온,mps-authoring-inputs (1).xlsx,314,2026-07-03,E,
포함,김준희,mps-authoring-inputs (1).xlsx,274,2026-07-03,B,
포함,김주원,mps-authoring-inputs (1).xlsx,265,2026-07-03,B,
포함,김제이든서준,mps-authoring-inputs (1).xlsx,296,2026-07-03,G,
포함,김율태,mps-authoring-inputs (1).xlsx,208,2026-07-03,A,
포함,김우열,mps-authoring-inputs (1).xlsx,328,2026-07-03,E,
포함,김영준,mps-authoring-inputs (1).xlsx,294,2026-07-03,A,
포함,김시환,mps-authoring-inputs (1).xlsx,249,2026-07-03,D,
포함,김승준,mps-authoring-inputs (1).xlsx,204,2026-07-03,E,
포함,김세현,mps-authoring-inputs (1).xlsx,273,2026-07-03,E,
포함,김선재,mps-authoring-inputs (1).xlsx,295,2026-07-03,H,
포함,김범준,mps-authoring-inputs (1).xlsx,222,2026-07-03,A,
포함,김민준,mps-authoring-inputs (1).xlsx,339,2026-07-03,A,
포함,김민유,mps-authoring-inputs (1).xlsx,228,2026-07-03,D,
포함,김리우,mps-authoring-inputs (1).xlsx,239,2026-07-03,G,
포함,김도현,mps-authoring-inputs (1).xlsx,300,2026-07-03,D,
포함,김도현,mps-authoring-inputs (1).xlsx,306,2026-07-03,G,
포함,김도윤,mps-authoring-inputs (1).xlsx,278,2026-07-03,G,
포함,김도유,mps-authoring-inputs (1).xlsx,293,2026-07-03,D,
포함,김도영,mps-authoring-inputs (1).xlsx,319,2026-07-03,F,
포함,김도엽,mps-authoring-inputs (1).xlsx,324,2026-07-03,G,
포함,김기주,mps-authoring-inputs (1).xlsx,341,2026-07-03,H,
포함,김규민,mps-authoring-inputs (1).xlsx,329,2026-07-03,G,
포함,김강빈,mps-authoring-inputs (1).xlsx,316,2026-07-03,G,
포함,권용우,mps-authoring-inputs (1).xlsx,336,2026-07-03,D,
포함,강지율,mps-authoring-inputs (1).xlsx,41,2026-07-03,E,
포함,강지우,mps-authoring-inputs (1).xlsx,309,2026-07-03,F,
포함,강윤우,mps-authoring-inputs (1).xlsx,275,2026-07-03,A,
포함,강유찬,mps-authoring-inputs (1).xlsx,258,2026-07-03,H,
포함,강건,mps-authoring-inputs (1).xlsx,327,2026-07-03,G,
포함,이훈,MPS_멘탈포지션_8유형_v2.xlsx,39,2026-06-27,B,
포함,김윤우,MPS_멘탈포지션_8유형_v2.xlsx,40,2026-06-26,G,
포함,박도현,MPS_멘탈포지션_8유형_v2.xlsx,41,2026-06-24,A,
포함,황정훈,mps-authoring-inputs (2).xlsx,89,2026-06-14,H,
포함,홍승현,mps-authoring-inputs (2).xlsx,124,2026-06-14,D,
포함,한태하,mps-authoring-inputs (2).xlsx,82,2026-06-14,E,
포함,편준우,mps-authoring-inputs (2).xlsx,85,2026-06-14,E,
포함,최황수,mps-authoring-inputs (2).xlsx,117,2026-06-14,G,
포함,차유건,mps-authoring-inputs (2).xlsx,54,2026-06-14,A,
포함,조하진,mps-authoring-inputs (2).xlsx,91,2026-06-14,H,
포함,조정욱,mps-authoring-inputs (2).xlsx,112,2026-06-14,D,
포함,조원준,mps-authoring-inputs (2).xlsx,107,2026-06-14,H,
포함,조서준,mps-authoring-inputs (2).xlsx,106,2026-06-14,H,
포함,조서우,mps-authoring-inputs (2).xlsx,103,2026-06-14,F,
포함,정태환,mps-authoring-inputs (2).xlsx,65,2026-06-14,A,
포함,정재학,mps-authoring-inputs (2).xlsx,55,2026-06-14,H,
포함,정윤우,mps-authoring-inputs (2).xlsx,90,2026-06-14,H,
포함,정유준,mps-authoring-inputs (2).xlsx,81,2026-06-14,H,
포함,전현호,mps-authoring-inputs (2).xlsx,88,2026-06-14,G,
포함,전현민,mps-authoring-inputs (2).xlsx,99,2026-06-14,H,
포함,전준수,mps-authoring-inputs (2).xlsx,56,2026-06-14,A,
포함,장하준,mps-authoring-inputs (2).xlsx,115,2026-06-14,A,
포함,장성아,mps-authoring-inputs (2).xlsx,122,2026-06-14,G,
포함,장도희,mps-authoring-inputs (2).xlsx,131,2026-06-14,G,
포함,임채진,mps-authoring-inputs (2).xlsx,92,2026-06-14,A,
포함,임준혁,mps-authoring-inputs (2).xlsx,110,2026-06-14,F,
포함,이은우,mps-authoring-inputs (2).xlsx,113,2026-06-14,G,
포함,이승우,mps-authoring-inputs (2).xlsx,94,2026-06-14,A,
포함,이두산,mps-authoring-inputs (2).xlsx,105,2026-06-14,D,
포함,이노아,mps-authoring-inputs (2).xlsx,86,2026-06-14,A,
포함,윤승조,mps-authoring-inputs (2).xlsx,57,2026-06-14,H,
포함,유주원,mps-authoring-inputs (2).xlsx,116,2026-06-14,G,
포함,오정민,mps-authoring-inputs (2).xlsx,104,2026-06-14,H,
포함,양지호,mps-authoring-inputs (2).xlsx,58,2026-06-14,H,
포함,안정환,mps-authoring-inputs (2).xlsx,111,2026-06-14,E,
포함,안정안,mps-authoring-inputs (2).xlsx,87,2026-06-14,F,
포함,신동관,mps-authoring-inputs (2).xlsx,121,2026-06-14,F,
포함,송준혁,mps-authoring-inputs (2).xlsx,108,2026-06-14,D,
포함,송예준,mps-authoring-inputs (2).xlsx,93,2026-06-14,D,
포함,손예성,mps-authoring-inputs (2).xlsx,98,2026-06-14,A,
포함,서한율,mps-authoring-inputs (2).xlsx,96,2026-06-14,F,
포함,백승훈,mps-authoring-inputs (2).xlsx,119,2026-06-14,H,
포함,배태성,mps-authoring-inputs (2).xlsx,125,2026-06-14,G,
포함,박지헌,mps-authoring-inputs (2).xlsx,59,2026-06-14,A,
포함,박지민,mps-authoring-inputs (2).xlsx,83,2026-06-14,A,
포함,박원우,mps-authoring-inputs (2).xlsx,130,2026-06-14,H,
포함,박서진1,mps-authoring-inputs (2).xlsx,60,2026-06-14,H,
포함,문지후,mps-authoring-inputs (2).xlsx,114,2026-06-14,H,
포함,문이레,mps-authoring-inputs (2).xlsx,80,2026-06-14,A,
포함,류강현,mps-authoring-inputs (2).xlsx,95,2026-06-14,A,
포함,김훈,mps-authoring-inputs (2).xlsx,61,2026-06-14,D,
포함,김효제,mps-authoring-inputs (2).xlsx,129,2026-06-14,H,
포함,김현서,mps-authoring-inputs (2).xlsx,101,2026-06-14,G,
포함,김태형,mps-authoring-inputs (2).xlsx,126,2026-06-14,D,
포함,김태우,mps-authoring-inputs (2).xlsx,127,2026-06-14,G,
포함,김지완,mps-authoring-inputs (2).xlsx,109,2026-06-14,D,
포함,김은호,mps-authoring-inputs (2).xlsx,123,2026-06-14,F,
포함,김은찬,mps-authoring-inputs (2).xlsx,102,2026-06-14,D,
포함,김우재,mps-authoring-inputs (2).xlsx,97,2026-06-14,G,
포함,김세민,mps-authoring-inputs (2).xlsx,118,2026-06-14,H,
포함,김민준,mps-authoring-inputs (2).xlsx,120,2026-06-14,E,
포함,김민건,mps-authoring-inputs (2).xlsx,62,2026-06-14,D,
포함,김민강,mps-authoring-inputs (2).xlsx,63,2026-06-14,H,
포함,김동우,mps-authoring-inputs (2).xlsx,84,2026-06-14,H,
포함,김도진,mps-authoring-inputs (2).xlsx,100,2026-06-14,H,
포함,국민율,mps-authoring-inputs (2).xlsx,64,2026-06-14,G,
포함,고이든,mps-authoring-inputs (2).xlsx,5,2026-06-14,H,
포함,강혁,mps-authoring-inputs (2).xlsx,128,2026-06-14,H,
포함,황예준,mps-authoring-inputs (2).xlsx,26,2026-06-13,G,
포함,최희태,mps-authoring-inputs (2).xlsx,72,2026-06-13,E,
포함,최이룸,mps-authoring-inputs (2).xlsx,74,2026-06-13,B,
포함,최영우,mps-authoring-inputs (2).xlsx,14,2026-06-13,D,
포함,최서우,mps-authoring-inputs (2).xlsx,9,2026-06-13,G,
포함,최민호,mps-authoring-inputs (2).xlsx,33,2026-06-13,F,
포함,조정유,mps-authoring-inputs (2).xlsx,24,2026-06-13,H,
포함,조민준,mps-authoring-inputs (2).xlsx,12,2026-06-13,H,
포함,조민준,mps-authoring-inputs (2).xlsx,134,2026-06-13,H,
포함,정은조,mps-authoring-inputs (2).xlsx,13,2026-06-13,F,
포함,정아영,mps-authoring-inputs (2).xlsx,6,2026-06-13,G,
포함,정시온,mps-authoring-inputs (2).xlsx,77,2026-06-13,H,
포함,전태영,mps-authoring-inputs (2).xlsx,69,2026-06-13,H,
포함,전준혁,mps-authoring-inputs (2).xlsx,139,2026-06-13,A,
포함,장연준,mps-authoring-inputs (2).xlsx,27,2026-06-13,H,
포함,임준우,mps-authoring-inputs (2).xlsx,29,2026-06-13,A,
포함,임다원,mps-authoring-inputs (2).xlsx,16,2026-06-13,A,
포함,이하진,mps-authoring-inputs (2).xlsx,75,2026-06-13,H,
포함,이지훈,mps-authoring-inputs (2).xlsx,25,2026-06-13,E,
포함,이제유,mps-authoring-inputs (2).xlsx,30,2026-06-13,H,
포함,이정헌,mps-authoring-inputs (2).xlsx,17,2026-06-13,E,
포함,윤서준,mps-authoring-inputs (2).xlsx,18,2026-06-13,A,
포함,오정후,mps-authoring-inputs (2).xlsx,137,2026-06-13,G,
포함,오석민,mps-authoring-inputs (2).xlsx,133,2026-06-13,F,
포함,여하운,mps-authoring-inputs (2).xlsx,76,2026-06-13,A,
포함,심하율,mps-authoring-inputs (2).xlsx,138,2026-06-13,F,
포함,신주원,mps-authoring-inputs (2).xlsx,20,2026-06-13,G,
포함,신서후,mps-authoring-inputs (2).xlsx,32,2026-06-13,E,
포함,신동후,mps-authoring-inputs (2).xlsx,21,2026-06-13,H,
포함,송대윤,mps-authoring-inputs (2).xlsx,67,2026-06-13,H,
포함,손호준,mps-authoring-inputs (2).xlsx,79,2026-06-13,H,
포함,서한솔,mps-authoring-inputs (2).xlsx,23,2026-06-13,C,
포함,서진우,mps-authoring-inputs (2).xlsx,140,2026-06-13,G,
포함,서지완,mps-authoring-inputs (2).xlsx,136,2026-06-13,A,
포함,변지수,mps-authoring-inputs (2).xlsx,71,2026-06-13,A,
포함,박지호,mps-authoring-inputs (2).xlsx,22,2026-06-13,E,
포함,박지율,mps-authoring-inputs (2).xlsx,19,2026-06-13,A,
포함,박지수,mps-authoring-inputs (2).xlsx,36,2026-06-13,F,
포함,박연호,mps-authoring-inputs (2).xlsx,28,2026-06-13,G,
포함,박민제1,mps-authoring-inputs (2).xlsx,15,2026-06-13,A,
포함,마정현,mps-authoring-inputs (2).xlsx,11,2026-06-13,D,
포함,나예준,mps-authoring-inputs (2).xlsx,132,2026-06-13,H,
포함,김호인,mps-authoring-inputs (2).xlsx,7,2026-06-13,E,
포함,김호수,mps-authoring-inputs (2).xlsx,8,2026-06-13,G,
포함,김재원,mps-authoring-inputs (2).xlsx,31,2026-06-13,G,
포함,김시우,mps-authoring-inputs (2).xlsx,34,2026-06-13,E,
포함,김민찬,mps-authoring-inputs (2).xlsx,70,2026-06-13,F,
포함,권혁준,mps-authoring-inputs (2).xlsx,78,2026-06-13,A,
포함,권예준,mps-authoring-inputs (2).xlsx,35,2026-06-13,A,
포함,구예준,mps-authoring-inputs (2).xlsx,66,2026-06-13,D,
포함,고주원,mps-authoring-inputs (2).xlsx,73,2026-06-13,H,
포함,고윤후,mps-authoring-inputs (2).xlsx,68,2026-06-13,F,
포함,강태우,mps-authoring-inputs (2).xlsx,10,2026-06-13,H,
포함,강재형,mps-authoring-inputs (2).xlsx,37,2026-06-13,F,
포함,YoshidaTaiga,mps-authoring-inputs (2).xlsx,135,2026-06-13,F,
포함,현하윤,mps-authoring-inputs (2).xlsx,40,2026-06-12,A,
포함,최민호,mps-authoring-inputs (2).xlsx,38,2026-06-12,A,
포함,채호창,mps-authoring-inputs (2).xlsx,50,2026-06-12,F,
포함,조성태,mps-authoring-inputs (2).xlsx,45,2026-06-12,H,
포함,조민기,mps-authoring-inputs (2).xlsx,44,2026-06-12,G,
포함,정우진,mps-authoring-inputs (2).xlsx,39,2026-06-12,G,
포함,이강현,mps-authoring-inputs (2).xlsx,48,2026-06-12,G,
포함,이강우,mps-authoring-inputs (2).xlsx,47,2026-06-12,A,
포함,원가온,mps-authoring-inputs (2).xlsx,49,2026-06-12,A,
포함,박리온,mps-authoring-inputs (2).xlsx,41,2026-06-12,H,
포함,김지율1,mps-authoring-inputs (2).xlsx,42,2026-06-12,A,
포함,김주언,mps-authoring-inputs (2).xlsx,52,2026-06-12,E,
포함,김수하,mps-authoring-inputs (2).xlsx,53,2026-06-12,H,
포함,김민석,mps-authoring-inputs (2).xlsx,51,2026-06-12,H,
포함,곽도영,mps-authoring-inputs (2).xlsx,46,2026-06-12,H,
포함,강준규,mps-authoring-inputs (2).xlsx,43,2026-06-12,H,
포함,홍선,MPS_멘탈포지션_8유형_v2.xlsx,236,2026-06-10,G,
포함,한성식,MPS_멘탈포지션_8유형_v2.xlsx,42,2026-06-10,G,
포함,전하늘,MPS_멘탈포지션_8유형_v2.xlsx,49,2026-06-10,G,
포함,임시환,MPS_멘탈포지션_8유형_v2.xlsx,43,2026-06-10,C,
포함,이승헌,MPS_멘탈포지션_8유형_v2.xlsx,51,2026-06-10,D,
포함,서은성,MPS_멘탈포지션_8유형_v2.xlsx,47,2026-06-10,H,
포함,박준오,MPS_멘탈포지션_8유형_v2.xlsx,50,2026-06-10,A,
포함,김하민,MPS_멘탈포지션_8유형_v2.xlsx,48,2026-06-10,F,
포함,김수지,MPS_멘탈포지션_8유형_v2.xlsx,46,2026-06-10,G,
포함,김다온,MPS_멘탈포지션_8유형_v2.xlsx,44,2026-06-10,G,
포함,권정우,MPS_멘탈포지션_8유형_v2.xlsx,45,2026-06-10,D,
포함,장동건,MPS_멘탈포지션_8유형_v2.xlsx,54,2026-06-09,D,
포함,이한빈,MPS_멘탈포지션_8유형_v2.xlsx,53,2026-06-09,H,
포함,윤하람,MPS_멘탈포지션_8유형_v2.xlsx,55,2026-06-09,G,
포함,윤우빈,MPS_멘탈포지션_8유형_v2.xlsx,56,2026-06-09,A,
포함,윤예별,MPS_멘탈포지션_8유형_v2.xlsx,57,2026-06-09,G,
포함,안현준,MPS_멘탈포지션_8유형_v2.xlsx,52,2026-06-09,D,
포함,박서준,MPS_멘탈포지션_8유형_v2.xlsx,58,2026-06-09,D,
포함,정태윤,MPS_멘탈포지션_8유형_v2.xlsx,59,2026-06-08,A,
포함,이찬,MPS_멘탈포지션_8유형_v2.xlsx,60,2026-06-04,A,
포함,성시헌,MPS_멘탈포지션_8유형_v2.xlsx,63,2026-06-04,H,
포함,김태호,MPS_멘탈포지션_8유형_v2.xlsx,61,2026-06-04,G,
포함,고결,MPS_멘탈포지션_8유형_v2.xlsx,62,2026-06-04,H,
포함,황재승,MPS_멘탈포지션_8유형_v2.xlsx,72,2026-06-02,F,
포함,지수민,MPS_멘탈포지션_8유형_v2.xlsx,64,2026-06-02,D,
포함,임민수,MPS_멘탈포지션_8유형_v2.xlsx,65,2026-06-02,H,
포함,이준성,MPS_멘탈포지션_8유형_v2.xlsx,69,2026-06-02,A,
포함,이주안,MPS_멘탈포지션_8유형_v2.xlsx,66,2026-06-02,H,
포함,이재원,MPS_멘탈포지션_8유형_v2.xlsx,78,2026-06-02,A,
포함,이서준,MPS_멘탈포지션_8유형_v2.xlsx,74,2026-06-02,C,
포함,유재은,MPS_멘탈포지션_8유형_v2.xlsx,76,2026-06-02,H,
포함,박재형,MPS_멘탈포지션_8유형_v2.xlsx,67,2026-06-02,A,
포함,박서준,MPS_멘탈포지션_8유형_v2.xlsx,73,2026-06-02,E,
포함,김태림,MPS_멘탈포지션_8유형_v2.xlsx,77,2026-06-02,H,
포함,김세웅,MPS_멘탈포지션_8유형_v2.xlsx,75,2026-06-02,B,
포함,김민재,MPS_멘탈포지션_8유형_v2.xlsx,70,2026-06-02,B,
포함,김동욱,MPS_멘탈포지션_8유형_v2.xlsx,68,2026-06-02,G,
포함,김도하,MPS_멘탈포지션_8유형_v2.xlsx,71,2026-06-02,H,
포함,김태윤,mps-authoring-inputs (3).xlsx,20,2026-05-30,G,
포함,최민건,MPS_멘탈포지션_8유형_v2.xlsx,228,2026-05-28,H,
포함,이시우,MPS_멘탈포지션_8유형_v2.xlsx,79,2026-05-28,H,
포함,유지훈,MPS_멘탈포지션_8유형_v2.xlsx,82,2026-05-28,H,
포함,오찬희,MPS_멘탈포지션_8유형_v2.xlsx,83,2026-05-28,H,
포함,오주원,MPS_멘탈포지션_8유형_v2.xlsx,87,2026-05-28,G,
포함,오서준,MPS_멘탈포지션_8유형_v2.xlsx,81,2026-05-28,H,
포함,박태양,MPS_멘탈포지션_8유형_v2.xlsx,84,2026-05-28,G,
포함,김찬유,MPS_멘탈포지션_8유형_v2.xlsx,85,2026-05-28,E,
포함,김이현,MPS_멘탈포지션_8유형_v2.xlsx,80,2026-05-28,E,
포함,김민성,MPS_멘탈포지션_8유형_v2.xlsx,86,2026-05-28,G,
포함,이채민,MPS_멘탈포지션_8유형_v2.xlsx,92,2026-05-27,H,
포함,이준영,MPS_멘탈포지션_8유형_v2.xlsx,98,2026-05-27,F,
포함,이주언,MPS_멘탈포지션_8유형_v2.xlsx,89,2026-05-27,H,
포함,이대니,MPS_멘탈포지션_8유형_v2.xlsx,94,2026-05-27,D,
포함,이다올,MPS_멘탈포지션_8유형_v2.xlsx,97,2026-05-27,H,
포함,왕주원,MPS_멘탈포지션_8유형_v2.xlsx,91,2026-05-27,E,
포함,안호성,MPS_멘탈포지션_8유형_v2.xlsx,90,2026-05-27,H,
포함,문진혁,MPS_멘탈포지션_8유형_v2.xlsx,112,2026-05-27,D,
포함,남궁민,MPS_멘탈포지션_8유형_v2.xlsx,95,2026-05-27,A,
포함,김주원,MPS_멘탈포지션_8유형_v2.xlsx,88,2026-05-27,H,
포함,김유진,MPS_멘탈포지션_8유형_v2.xlsx,96,2026-05-27,G,
포함,김도영,MPS_멘탈포지션_8유형_v2.xlsx,93,2026-05-27,F,
포함,한호준,MPS_멘탈포지션_8유형_v2.xlsx,106,2026-05-21,F,
포함,정예담,MPS_멘탈포지션_8유형_v2.xlsx,103,2026-05-21,H,
포함,유세종,MPS_멘탈포지션_8유형_v2.xlsx,104,2026-05-21,H,
포함,서승현,MPS_멘탈포지션_8유형_v2.xlsx,239,2026-05-21,E,
포함,박태민,MPS_멘탈포지션_8유형_v2.xlsx,102,2026-05-21,B,
포함,류희진,MPS_멘탈포지션_8유형_v2.xlsx,99,2026-05-21,H,
포함,김범진,MPS_멘탈포지션_8유형_v2.xlsx,105,2026-05-21,G,
포함,금민승,MPS_멘탈포지션_8유형_v2.xlsx,101,2026-05-21,A,
포함,권도현,MPS_멘탈포지션_8유형_v2.xlsx,100,2026-05-21,H,
포함,홍준우,MPS_멘탈포지션_8유형_v2.xlsx,107,2026-05-20,G,
포함,최은우,MPS_멘탈포지션_8유형_v2.xlsx,113,2026-05-20,A,
포함,조현상,MPS_멘탈포지션_8유형_v2.xlsx,110,2026-05-20,C,
포함,임세훈,MPS_멘탈포지션_8유형_v2.xlsx,109,2026-05-20,G,
포함,이하랑,MPS_멘탈포지션_8유형_v2.xlsx,108,2026-05-20,D,
포함,이도현,MPS_멘탈포지션_8유형_v2.xlsx,117,2026-05-20,F,
포함,안제혁,MPS_멘탈포지션_8유형_v2.xlsx,115,2026-05-20,G,
포함,변정우,MPS_멘탈포지션_8유형_v2.xlsx,114,2026-05-20,G,
포함,박규빈,MPS_멘탈포지션_8유형_v2.xlsx,118,2026-05-20,H,
포함,김온유,MPS_멘탈포지션_8유형_v2.xlsx,116,2026-05-20,F,
포함,강이준,MPS_멘탈포지션_8유형_v2.xlsx,111,2026-05-20,E,
포함,이호균,MPS_멘탈포지션_8유형_v2.xlsx,222,2026-05-19,H,
포함,이유찬,MPS_멘탈포지션_8유형_v2.xlsx,127,2026-05-19,H,
포함,이서준,MPS_멘탈포지션_8유형_v2.xlsx,226,2026-05-19,H,
포함,오승유,MPS_멘탈포지션_8유형_v2.xlsx,220,2026-05-19,G,
포함,염연우,MPS_멘탈포지션_8유형_v2.xlsx,237,2026-05-19,B,
포함,안진우,MPS_멘탈포지션_8유형_v2.xlsx,233,2026-05-19,H,
포함,신지율,MPS_멘탈포지션_8유형_v2.xlsx,119,2026-05-19,A,
포함,방준혁,MPS_멘탈포지션_8유형_v2.xlsx,231,2026-05-19,A,
포함,박정환,MPS_멘탈포지션_8유형_v2.xlsx,120,2026-05-19,C,
포함,박건,MPS_멘탈포지션_8유형_v2.xlsx,229,2026-05-19,F,
포함,김민섭,MPS_멘탈포지션_8유형_v2.xlsx,221,2026-05-19,G,
포함,조현우,MPS_멘탈포지션_8유형_v2.xlsx,122,2026-05-13,H,
포함,정선우,MPS_멘탈포지션_8유형_v2.xlsx,121,2026-05-13,G,
포함,임건우,MPS_멘탈포지션_8유형_v2.xlsx,126,2026-05-13,H,
포함,이기석,MPS_멘탈포지션_8유형_v2.xlsx,123,2026-05-13,D,
포함,김준수,MPS_멘탈포지션_8유형_v2.xlsx,124,2026-05-13,D,
포함,김시윤,MPS_멘탈포지션_8유형_v2.xlsx,125,2026-05-13,H,
포함,최시호,MPS_멘탈포지션_8유형_v2.xlsx,135,2026-05-12,F,
포함,최민기,MPS_멘탈포지션_8유형_v2.xlsx,128,2026-05-12,F,
포함,전준혁,MPS_멘탈포지션_8유형_v2.xlsx,131,2026-05-12,A,
포함,임유담,MPS_멘탈포지션_8유형_v2.xlsx,136,2026-05-12,H,
포함,이태인,MPS_멘탈포지션_8유형_v2.xlsx,130,2026-05-12,G,
포함,윤하준,MPS_멘탈포지션_8유형_v2.xlsx,129,2026-05-12,A,
포함,서도우,MPS_멘탈포지션_8유형_v2.xlsx,134,2026-05-12,D,
포함,도율찬,MPS_멘탈포지션_8유형_v2.xlsx,132,2026-05-12,D,
포함,김수현,MPS_멘탈포지션_8유형_v2.xlsx,240,2026-05-12,E,
포함,김가온,MPS_멘탈포지션_8유형_v2.xlsx,133,2026-05-12,E,
포함,백인우,MPS_멘탈포지션_8유형_v2.xlsx,150,2026-05-08,A,
포함,조하준,MPS_멘탈포지션_8유형_v2.xlsx,142,2026-05-07,A,
포함,임라울,MPS_멘탈포지션_8유형_v2.xlsx,137,2026-05-07,G,
포함,이지우,MPS_멘탈포지션_8유형_v2.xlsx,140,2026-05-07,A,
포함,이주원,MPS_멘탈포지션_8유형_v2.xlsx,138,2026-05-07,B,
포함,박선준,MPS_멘탈포지션_8유형_v2.xlsx,139,2026-05-07,H,
포함,민온유,MPS_멘탈포지션_8유형_v2.xlsx,143,2026-05-07,E,
포함,데비드,MPS_멘탈포지션_8유형_v2.xlsx,141,2026-05-07,D,
포함,김이한,MPS_멘탈포지션_8유형_v2.xlsx,146,2026-05-07,G,
포함,김유래,MPS_멘탈포지션_8유형_v2.xlsx,145,2026-05-07,G,
포함,김세준,MPS_멘탈포지션_8유형_v2.xlsx,144,2026-05-07,E,
포함,허민우,MPS_멘탈포지션_8유형_v2.xlsx,148,2026-05-06,F,
포함,최유준,MPS_멘탈포지션_8유형_v2.xlsx,149,2026-05-06,H,
포함,윤서준,MPS_멘탈포지션_8유형_v2.xlsx,153,2026-05-06,D,
포함,오스틴 austin,MPS_멘탈포지션_8유형_v2.xlsx,154,2026-05-06,H,
포함,신지호,MPS_멘탈포지션_8유형_v2.xlsx,151,2026-05-06,B,
포함,박윤우,MPS_멘탈포지션_8유형_v2.xlsx,147,2026-05-06,F,
포함,박우찬,MPS_멘탈포지션_8유형_v2.xlsx,152,2026-05-06,H,
포함,김수혁,MPS_멘탈포지션_8유형_v2.xlsx,156,2026-05-06,H,
포함,김선혁,MPS_멘탈포지션_8유형_v2.xlsx,155,2026-05-06,H,
포함,정태원,MPS_멘탈포지션_8유형_v2.xlsx,238,2026-05-04,G,
포함,홍승우,MPS_멘탈포지션_8유형_v2.xlsx,163,2026-04-30,E,
포함,한서준,MPS_멘탈포지션_8유형_v2.xlsx,161,2026-04-30,D,
포함,최윤후,MPS_멘탈포지션_8유형_v2.xlsx,159,2026-04-30,G,
포함,전준수,MPS_멘탈포지션_8유형_v2.xlsx,157,2026-04-30,H,
포함,임재인,MPS_멘탈포지션_8유형_v2.xlsx,158,2026-04-30,G,
포함,이윤우,MPS_멘탈포지션_8유형_v2.xlsx,160,2026-04-30,G,
포함,이예준,MPS_멘탈포지션_8유형_v2.xlsx,162,2026-04-30,B,
포함,김효빈,MPS_멘탈포지션_8유형_v2.xlsx,166,2026-04-30,A,
포함,김형규,MPS_멘탈포지션_8유형_v2.xlsx,164,2026-04-30,H,
포함,김예준,MPS_멘탈포지션_8유형_v2.xlsx,165,2026-04-30,E,
포함,홍성원,MPS_멘탈포지션_8유형_v2.xlsx,168,2026-04-29,H,
포함,한상율,MPS_멘탈포지션_8유형_v2.xlsx,167,2026-04-29,E,
포함,최지혁,MPS_멘탈포지션_8유형_v2.xlsx,169,2026-04-29,G,
포함,이준우,MPS_멘탈포지션_8유형_v2.xlsx,171,2026-04-29,A,
포함,이시우,MPS_멘탈포지션_8유형_v2.xlsx,175,2026-04-29,H,
포함,윤현명,MPS_멘탈포지션_8유형_v2.xlsx,172,2026-04-29,E,
포함,양승현,MPS_멘탈포지션_8유형_v2.xlsx,170,2026-04-29,B,
포함,김태한,MPS_멘탈포지션_8유형_v2.xlsx,174,2026-04-29,H,
포함,구교준,MPS_멘탈포지션_8유형_v2.xlsx,173,2026-04-29,H,
포함,최원준,MPS_멘탈포지션_8유형_v2.xlsx,227,2026-04-28,D,
포함,주태율,MPS_멘탈포지션_8유형_v2.xlsx,183,2026-04-28,H,
포함,정유준,MPS_멘탈포지션_8유형_v2.xlsx,178,2026-04-28,E,
포함,이찬민,MPS_멘탈포지션_8유형_v2.xlsx,176,2026-04-28,G,
포함,이재유,MPS_멘탈포지션_8유형_v2.xlsx,179,2026-04-28,C,
포함,이유찬,MPS_멘탈포지션_8유형_v2.xlsx,180,2026-04-28,E,
포함,방시윤,MPS_멘탈포지션_8유형_v2.xlsx,223,2026-04-28,H,
포함,박현서,MPS_멘탈포지션_8유형_v2.xlsx,181,2026-04-28,C,
포함,박하랑,MPS_멘탈포지션_8유형_v2.xlsx,185,2026-04-28,H,
포함,문태준,MPS_멘탈포지션_8유형_v2.xlsx,182,2026-04-28,G,
포함,김정민,MPS_멘탈포지션_8유형_v2.xlsx,177,2026-04-28,H,
포함,권예준,MPS_멘탈포지션_8유형_v2.xlsx,184,2026-04-28,H,
포함,홍찬빈,MPS_멘탈포지션_8유형_v2.xlsx,186,2026-04-22,H,
포함,이예환,MPS_멘탈포지션_8유형_v2.xlsx,189,2026-04-22,E,
포함,안재상,MPS_멘탈포지션_8유형_v2.xlsx,187,2026-04-22,H,
포함,송하율,MPS_멘탈포지션_8유형_v2.xlsx,188,2026-04-22,D,
포함,민진우,MPS_멘탈포지션_8유형_v2.xlsx,190,2026-04-22,D,
포함,김현중,MPS_멘탈포지션_8유형_v2.xlsx,191,2026-04-22,G,
포함,김주혁,MPS_멘탈포지션_8유형_v2.xlsx,193,2026-04-22,G,
포함,권서준,MPS_멘탈포지션_8유형_v2.xlsx,192,2026-04-22,B,
포함,정준우,MPS_멘탈포지션_8유형_v2.xlsx,194,2026-04-20,H,
포함,김주영B,MPS_멘탈포지션_8유형_v2.xlsx,205,2026-04-19,A,
포함,김서진,MPS_멘탈포지션_8유형_v2.xlsx,195,2026-04-18,D,
포함,곽제이,MPS_멘탈포지션_8유형_v2.xlsx,235,2026-04-17,H,
포함,최시윤,MPS_멘탈포지션_8유형_v2.xlsx,201,2026-04-16,G,
포함,유지호,MPS_멘탈포지션_8유형_v2.xlsx,199,2026-04-16,A,
포함,김현준,MPS_멘탈포지션_8유형_v2.xlsx,197,2026-04-16,A,
포함,김민환,MPS_멘탈포지션_8유형_v2.xlsx,200,2026-04-16,B,
포함,이예율,MPS_멘탈포지션_8유형_v2.xlsx,204,2026-04-15,H,
포함,이두율,MPS_멘탈포지션_8유형_v2.xlsx,203,2026-04-15,H,
포함,이도윤,MPS_멘탈포지션_8유형_v2.xlsx,209,2026-04-15,G,
포함,명세율,MPS_멘탈포지션_8유형_v2.xlsx,208,2026-04-15,H,
포함,김시완,MPS_멘탈포지션_8유형_v2.xlsx,207,2026-04-15,G,
포함,김단우,MPS_멘탈포지션_8유형_v2.xlsx,206,2026-04-15,A,
포함,최윤오,MPS_멘탈포지션_8유형_v2.xlsx,211,2026-04-14,G,
포함,신윤우,MPS_멘탈포지션_8유형_v2.xlsx,212,2026-04-14,A,
포함,지현성,MPS_멘탈포지션_8유형_v2.xlsx,215,2026-04-09,G,
포함,임효우,MPS_멘탈포지션_8유형_v2.xlsx,230,2026-04-09,F,
포함,이준서,MPS_멘탈포지션_8유형_v2.xlsx,213,2026-04-09,A,
포함,이선율,MPS_멘탈포지션_8유형_v2.xlsx,217,2026-04-09,F,
포함,박종률,MPS_멘탈포지션_8유형_v2.xlsx,219,2026-04-09,H,
포함,박유찬,MPS_멘탈포지션_8유형_v2.xlsx,218,2026-04-09,A,
포함,박누리솔,MPS_멘탈포지션_8유형_v2.xlsx,214,2026-04-09,H,
포함,모렐로 벤자민,MPS_멘탈포지션_8유형_v2.xlsx,216,2026-04-09,H,
포함,김승환,MPS_멘탈포지션_8유형_v2.xlsx,234,2026-03-25,G,
포함,정세윤,MPS_멘탈포지션_8유형_v2.xlsx,232,2026-03-21,A,
포함,이시원,MPS_멘탈포지션_8유형_v2.xlsx,225,2026-03-20,G,
포함,김율,MPS_멘탈포지션_8유형_v2.xlsx,224,2026-03-20,D,
제외,김○○○○○○○○○),mps-authoring-inputs (2).xlsx,4,,,샘플
제외,송○후,mps-authoring-inputs (3).xlsx,21,,,중복 과거 기록
제외,임영준,mps-authoring-inputs (4).xlsx,18,,,추가파일 동일 측정
제외,백채아,mps-authoring-inputs (4).xlsx,20,,,추가파일 동일 측정
제외,이준후,mps-authoring-inputs (4).xlsx,21,,,추가파일 동일 측정
제외,손신유,mps-authoring-inputs (4).xlsx,22,,,추가파일 동일 측정
제외,유선민,mps-authoring-inputs (4).xlsx,23,,,추가파일 동일 측정
제외,유정훈,mps-authoring-inputs (4).xlsx,24,,,추가파일 동일 측정
제외,백규헌,mps-authoring-inputs (4).xlsx,25,,,추가파일 동일 측정
제외,송현우,mps-authoring-inputs (4).xlsx,26,,,추가파일 동일 측정
제외,이우빈,mps-authoring-inputs (4).xlsx,27,,,추가파일 동일 측정
제외,박정준,mps-authoring-inputs (4).xlsx,28,,,추가파일 동일 측정
제외,안서진,mps-authoring-inputs (4).xlsx,29,,,추가파일 동일 측정
제외,이승환,mps-authoring-inputs (4).xlsx,30,,,추가파일 동일 측정
제외,이도윤,mps-authoring-inputs (4).xlsx,31,,,추가파일 동일 측정
제외,고서진,mps-authoring-inputs (4).xlsx,32,,,추가파일 동일 측정
제외,강승원,mps-authoring-inputs (4).xlsx,33,,,추가파일 동일 측정
제외,임정빈,mps-authoring-inputs (4).xlsx,34,,,추가파일 동일 측정
제외,길시혁,mps-authoring-inputs (4).xlsx,35,,,추가파일 동일 측정
제외,박재하,mps-authoring-inputs (4).xlsx,36,,,추가파일 동일 측정
제외,김건준,mps-authoring-inputs (4).xlsx,37,,,추가파일 동일 측정
제외,김주원,mps-authoring-inputs (4).xlsx,38,,,추가파일 동일 측정
제외,양승현,mps-authoring-inputs (4).xlsx,39,,,추가파일 동일 측정
제외,박범,mps-authoring-inputs (4).xlsx,40,,,추가파일 동일 측정
제외,허정우,mps-authoring-inputs (4).xlsx,41,,,추가파일 동일 측정
제외,이정우,mps-authoring-inputs (4).xlsx,42,,,추가파일 동일 측정
제외,최승우,mps-authoring-inputs (4).xlsx,43,,,추가파일 동일 측정
제외,박지우,mps-authoring-inputs (4).xlsx,44,,,추가파일 동일 측정
제외,이시준,mps-authoring-inputs (4).xlsx,45,,,추가파일 동일 측정
제외,김연우,mps-authoring-inputs (4).xlsx,46,,,추가파일 동일 측정
제외,한시우,mps-authoring-inputs (4).xlsx,47,,,추가파일 동일 측정
제외,최장우,mps-authoring-inputs (4).xlsx,48,,,추가파일 동일 측정
제외,조요한,mps-authoring-inputs (4).xlsx,49,,,추가파일 동일 측정
제외,임태우,mps-authoring-inputs (4).xlsx,50,,,추가파일 동일 측정
제외,오승택,mps-authoring-inputs (4).xlsx,51,,,추가파일 동일 측정
제외,고은기,mps-authoring-inputs (4).xlsx,52,,,추가파일 동일 측정
제외,최디마,mps-authoring-inputs (4).xlsx,53,,,추가파일 동일 측정
제외,황준서,mps-authoring-inputs (4).xlsx,54,,,추가파일 동일 측정
제외,황시후,mps-authoring-inputs (4).xlsx,55,,,추가파일 동일 측정
제외,이훈,mps-authoring-inputs (4).xlsx,56,,,추가파일 동일 측정
제외,김윤우,mps-authoring-inputs (4).xlsx,57,,,추가파일 동일 측정
제외,박도현,mps-authoring-inputs (4).xlsx,58,,,추가파일 동일 측정
제외,한성식,mps-authoring-inputs (4).xlsx,59,,,추가파일 동일 측정
제외,임시환,mps-authoring-inputs (4).xlsx,60,,,추가파일 동일 측정
제외,김다온,mps-authoring-inputs (4).xlsx,61,,,추가파일 동일 측정
제외,권정우,mps-authoring-inputs (4).xlsx,62,,,추가파일 동일 측정
제외,김수지,mps-authoring-inputs (4).xlsx,63,,,추가파일 동일 측정
제외,서은성,mps-authoring-inputs (4).xlsx,64,,,추가파일 동일 측정
제외,김하민,mps-authoring-inputs (4).xlsx,65,,,추가파일 동일 측정
제외,전하늘,mps-authoring-inputs (4).xlsx,66,,,추가파일 동일 측정
제외,박준오,mps-authoring-inputs (4).xlsx,67,,,추가파일 동일 측정
제외,이승헌,mps-authoring-inputs (4).xlsx,68,,,추가파일 동일 측정
제외,안현준,mps-authoring-inputs (4).xlsx,69,,,추가파일 동일 측정
제외,이한빈,mps-authoring-inputs (4).xlsx,70,,,추가파일 동일 측정
제외,장동건,mps-authoring-inputs (4).xlsx,71,,,추가파일 동일 측정
제외,윤하람,mps-authoring-inputs (4).xlsx,72,,,추가파일 동일 측정
제외,윤우빈,mps-authoring-inputs (4).xlsx,73,,,추가파일 동일 측정
제외,윤예별,mps-authoring-inputs (4).xlsx,74,,,추가파일 동일 측정
제외,박서준,mps-authoring-inputs (4).xlsx,75,,,추가파일 동일 측정
제외,정태윤,mps-authoring-inputs (4).xlsx,76,,,추가파일 동일 측정
제외,이찬,mps-authoring-inputs (4).xlsx,77,,,추가파일 동일 측정
제외,김태호,mps-authoring-inputs (4).xlsx,78,,,추가파일 동일 측정
제외,고결,mps-authoring-inputs (4).xlsx,79,,,추가파일 동일 측정
제외,성시헌,mps-authoring-inputs (4).xlsx,80,,,추가파일 동일 측정
제외,지수민,mps-authoring-inputs (4).xlsx,81,,,추가파일 동일 측정
제외,임민수,mps-authoring-inputs (4).xlsx,82,,,추가파일 동일 측정
제외,이주안,mps-authoring-inputs (4).xlsx,83,,,추가파일 동일 측정
제외,박재형,mps-authoring-inputs (4).xlsx,84,,,추가파일 동일 측정
제외,김동욱,mps-authoring-inputs (4).xlsx,85,,,추가파일 동일 측정
제외,이준성,mps-authoring-inputs (4).xlsx,86,,,추가파일 동일 측정
제외,김민재,mps-authoring-inputs (4).xlsx,87,,,추가파일 동일 측정
제외,김도하,mps-authoring-inputs (4).xlsx,88,,,추가파일 동일 측정
제외,황재승,mps-authoring-inputs (4).xlsx,89,,,추가파일 동일 측정
제외,박서준,mps-authoring-inputs (4).xlsx,90,,,추가파일 동일 측정
제외,이서준,mps-authoring-inputs (4).xlsx,91,,,추가파일 동일 측정
제외,김세웅,mps-authoring-inputs (4).xlsx,92,,,추가파일 동일 측정
제외,유재은,mps-authoring-inputs (4).xlsx,93,,,추가파일 동일 측정
제외,김태림,mps-authoring-inputs (4).xlsx,94,,,추가파일 동일 측정
제외,이재원,mps-authoring-inputs (4).xlsx,95,,,추가파일 동일 측정
제외,이시우,mps-authoring-inputs (4).xlsx,96,,,추가파일 동일 측정
제외,김이현,mps-authoring-inputs (4).xlsx,97,,,추가파일 동일 측정
제외,오서준,mps-authoring-inputs (4).xlsx,98,,,추가파일 동일 측정
제외,유지훈,mps-authoring-inputs (4).xlsx,99,,,추가파일 동일 측정
제외,오찬희,mps-authoring-inputs (4).xlsx,100,,,추가파일 동일 측정
제외,박태양,mps-authoring-inputs (4).xlsx,101,,,추가파일 동일 측정
제외,김찬유,mps-authoring-inputs (4).xlsx,102,,,추가파일 동일 측정
제외,김민성,mps-authoring-inputs (4).xlsx,103,,,추가파일 동일 측정
제외,오주원,mps-authoring-inputs (4).xlsx,104,,,추가파일 동일 측정
제외,김주원,mps-authoring-inputs (4).xlsx,105,,,추가파일 동일 측정
제외,이주언,mps-authoring-inputs (4).xlsx,106,,,추가파일 동일 측정
제외,안호성,mps-authoring-inputs (4).xlsx,107,,,추가파일 동일 측정
제외,왕주원,mps-authoring-inputs (4).xlsx,108,,,추가파일 동일 측정
제외,이채민,mps-authoring-inputs (4).xlsx,109,,,추가파일 동일 측정
제외,김도영,mps-authoring-inputs (4).xlsx,110,,,추가파일 동일 측정
제외,이대니,mps-authoring-inputs (4).xlsx,111,,,추가파일 동일 측정
제외,남궁민,mps-authoring-inputs (4).xlsx,112,,,추가파일 동일 측정
제외,김유진,mps-authoring-inputs (4).xlsx,113,,,추가파일 동일 측정
제외,이다올,mps-authoring-inputs (4).xlsx,114,,,추가파일 동일 측정
제외,이준영,mps-authoring-inputs (4).xlsx,115,,,추가파일 동일 측정
제외,류희진,mps-authoring-inputs (4).xlsx,116,,,추가파일 동일 측정
제외,권도현,mps-authoring-inputs (4).xlsx,117,,,추가파일 동일 측정
제외,금민승,mps-authoring-inputs (4).xlsx,118,,,추가파일 동일 측정
제외,박태민,mps-authoring-inputs (4).xlsx,119,,,추가파일 동일 측정
제외,정예담,mps-authoring-inputs (4).xlsx,120,,,추가파일 동일 측정
제외,유세종,mps-authoring-inputs (4).xlsx,121,,,추가파일 동일 측정
제외,김범진,mps-authoring-inputs (4).xlsx,122,,,추가파일 동일 측정
제외,한호준,mps-authoring-inputs (4).xlsx,123,,,추가파일 동일 측정
제외,홍준우,mps-authoring-inputs (4).xlsx,124,,,추가파일 동일 측정
제외,이하랑,mps-authoring-inputs (4).xlsx,125,,,추가파일 동일 측정
제외,임세훈,mps-authoring-inputs (4).xlsx,126,,,추가파일 동일 측정
제외,조현상,mps-authoring-inputs (4).xlsx,127,,,추가파일 동일 측정
제외,강이준,mps-authoring-inputs (4).xlsx,128,,,추가파일 동일 측정
제외,문진혁,mps-authoring-inputs (4).xlsx,129,,,추가파일 동일 측정
제외,최은우,mps-authoring-inputs (4).xlsx,130,,,추가파일 동일 측정
제외,변정우,mps-authoring-inputs (4).xlsx,131,,,추가파일 동일 측정
제외,안제혁,mps-authoring-inputs (4).xlsx,132,,,추가파일 동일 측정
제외,김온유,mps-authoring-inputs (4).xlsx,133,,,추가파일 동일 측정
제외,이도현,mps-authoring-inputs (4).xlsx,134,,,추가파일 동일 측정
제외,박규빈,mps-authoring-inputs (4).xlsx,135,,,추가파일 동일 측정
제외,신지율,mps-authoring-inputs (4).xlsx,136,,,추가파일 동일 측정
제외,박정환,mps-authoring-inputs (4).xlsx,137,,,추가파일 동일 측정
제외,정선우,mps-authoring-inputs (4).xlsx,138,,,추가파일 동일 측정
제외,조현우,mps-authoring-inputs (4).xlsx,139,,,추가파일 동일 측정
제외,이기석,mps-authoring-inputs (4).xlsx,140,,,추가파일 동일 측정
제외,김준수,mps-authoring-inputs (4).xlsx,141,,,추가파일 동일 측정
제외,김시윤,mps-authoring-inputs (4).xlsx,142,,,추가파일 동일 측정
제외,임건우,mps-authoring-inputs (4).xlsx,143,,,추가파일 동일 측정
제외,이유찬,mps-authoring-inputs (4).xlsx,144,,,추가파일 동일 측정
제외,최민기,mps-authoring-inputs (4).xlsx,145,,,추가파일 동일 측정
제외,윤하준,mps-authoring-inputs (4).xlsx,146,,,추가파일 동일 측정
제외,이태인,mps-authoring-inputs (4).xlsx,147,,,추가파일 동일 측정
제외,전준혁,mps-authoring-inputs (4).xlsx,148,,,추가파일 동일 측정
제외,도율찬,mps-authoring-inputs (4).xlsx,149,,,추가파일 동일 측정
제외,김가온,mps-authoring-inputs (4).xlsx,150,,,추가파일 동일 측정
제외,서도우,mps-authoring-inputs (4).xlsx,151,,,추가파일 동일 측정
제외,최시호,mps-authoring-inputs (4).xlsx,152,,,추가파일 동일 측정
제외,임유담,mps-authoring-inputs (4).xlsx,153,,,추가파일 동일 측정
제외,임라울,mps-authoring-inputs (4).xlsx,154,,,추가파일 동일 측정
제외,이주원,mps-authoring-inputs (4).xlsx,155,,,추가파일 동일 측정
제외,박선준,mps-authoring-inputs (4).xlsx,156,,,추가파일 동일 측정
제외,이지우,mps-authoring-inputs (4).xlsx,157,,,추가파일 동일 측정
제외,데비드,mps-authoring-inputs (4).xlsx,158,,,추가파일 동일 측정
제외,조하준,mps-authoring-inputs (4).xlsx,159,,,추가파일 동일 측정
제외,민온유,mps-authoring-inputs (4).xlsx,160,,,추가파일 동일 측정
제외,김세준,mps-authoring-inputs (4).xlsx,161,,,추가파일 동일 측정
제외,김유래,mps-authoring-inputs (4).xlsx,162,,,추가파일 동일 측정
제외,김이한,mps-authoring-inputs (4).xlsx,163,,,추가파일 동일 측정
제외,박윤우,mps-authoring-inputs (4).xlsx,164,,,추가파일 동일 측정
제외,허민우,mps-authoring-inputs (4).xlsx,165,,,추가파일 동일 측정
제외,최유준,mps-authoring-inputs (4).xlsx,166,,,추가파일 동일 측정
제외,백인우,mps-authoring-inputs (4).xlsx,167,,,추가파일 동일 측정
제외,신지호,mps-authoring-inputs (4).xlsx,168,,,추가파일 동일 측정
제외,박우찬,mps-authoring-inputs (4).xlsx,169,,,추가파일 동일 측정
제외,윤서준,mps-authoring-inputs (4).xlsx,170,,,추가파일 동일 측정
제외,오스틴 austin,mps-authoring-inputs (4).xlsx,171,,,추가파일 동일 측정
제외,김선혁,mps-authoring-inputs (4).xlsx,172,,,추가파일 동일 측정
제외,김수혁,mps-authoring-inputs (4).xlsx,173,,,추가파일 동일 측정
제외,전준수,mps-authoring-inputs (4).xlsx,174,,,추가파일 동일 측정
제외,임재인,mps-authoring-inputs (4).xlsx,175,,,추가파일 동일 측정
제외,최윤후,mps-authoring-inputs (4).xlsx,176,,,추가파일 동일 측정
제외,이윤우,mps-authoring-inputs (4).xlsx,177,,,추가파일 동일 측정
제외,한서준,mps-authoring-inputs (4).xlsx,178,,,추가파일 동일 측정
제외,이예준,mps-authoring-inputs (4).xlsx,179,,,추가파일 동일 측정
제외,홍승우,mps-authoring-inputs (4).xlsx,180,,,추가파일 동일 측정
제외,김형규,mps-authoring-inputs (4).xlsx,181,,,추가파일 동일 측정
제외,김예준,mps-authoring-inputs (4).xlsx,182,,,추가파일 동일 측정
제외,김효빈,mps-authoring-inputs (4).xlsx,183,,,추가파일 동일 측정
제외,한상율,mps-authoring-inputs (4).xlsx,184,,,추가파일 동일 측정
제외,홍성원,mps-authoring-inputs (4).xlsx,185,,,추가파일 동일 측정
제외,최지혁,mps-authoring-inputs (4).xlsx,186,,,추가파일 동일 측정
제외,양승현,mps-authoring-inputs (4).xlsx,187,,,추가파일 동일 측정
제외,이준우,mps-authoring-inputs (4).xlsx,188,,,추가파일 동일 측정
제외,윤현명,mps-authoring-inputs (4).xlsx,189,,,추가파일 동일 측정
제외,구교준,mps-authoring-inputs (4).xlsx,190,,,추가파일 동일 측정
제외,김태한,mps-authoring-inputs (4).xlsx,191,,,추가파일 동일 측정
제외,이시우,mps-authoring-inputs (4).xlsx,192,,,추가파일 동일 측정
제외,이찬민,mps-authoring-inputs (4).xlsx,193,,,추가파일 동일 측정
제외,김정민,mps-authoring-inputs (4).xlsx,194,,,추가파일 동일 측정
제외,정유준,mps-authoring-inputs (4).xlsx,195,,,추가파일 동일 측정
제외,이재유,mps-authoring-inputs (4).xlsx,196,,,추가파일 동일 측정
제외,이유찬,mps-authoring-inputs (4).xlsx,197,,,추가파일 동일 측정
제외,박현서,mps-authoring-inputs (4).xlsx,198,,,추가파일 동일 측정
제외,문태준,mps-authoring-inputs (4).xlsx,199,,,추가파일 동일 측정
제외,주태율,mps-authoring-inputs (4).xlsx,200,,,추가파일 동일 측정
제외,권예준,mps-authoring-inputs (4).xlsx,201,,,추가파일 동일 측정
제외,박하랑,mps-authoring-inputs (4).xlsx,202,,,추가파일 동일 측정
제외,홍찬빈,mps-authoring-inputs (4).xlsx,203,,,추가파일 동일 측정
제외,안재상,mps-authoring-inputs (4).xlsx,204,,,추가파일 동일 측정
제외,송하율,mps-authoring-inputs (4).xlsx,205,,,추가파일 동일 측정
제외,이예환,mps-authoring-inputs (4).xlsx,206,,,추가파일 동일 측정
제외,민진우,mps-authoring-inputs (4).xlsx,207,,,추가파일 동일 측정
제외,김현중,mps-authoring-inputs (4).xlsx,208,,,추가파일 동일 측정
제외,권서준,mps-authoring-inputs (4).xlsx,209,,,추가파일 동일 측정
제외,김주혁,mps-authoring-inputs (4).xlsx,210,,,추가파일 동일 측정
제외,정준우,mps-authoring-inputs (4).xlsx,211,,,추가파일 동일 측정
제외,김서진,mps-authoring-inputs (4).xlsx,212,,,추가파일 동일 측정
제외,신민찬,mps-authoring-inputs (4).xlsx,213,,,추가파일 동일 측정
제외,김현준,mps-authoring-inputs (4).xlsx,214,,,추가파일 동일 측정
제외,오현준,mps-authoring-inputs (4).xlsx,215,,,추가파일 동일 측정
제외,유지호,mps-authoring-inputs (4).xlsx,216,,,추가파일 동일 측정
제외,김민환,mps-authoring-inputs (4).xlsx,217,,,추가파일 동일 측정
제외,최시윤,mps-authoring-inputs (4).xlsx,219,,,추가파일 동일 측정
제외,박건우,mps-authoring-inputs (4).xlsx,220,,,추가파일 동일 측정
제외,이두율,mps-authoring-inputs (4).xlsx,221,,,추가파일 동일 측정
제외,이예율,mps-authoring-inputs (4).xlsx,222,,,추가파일 동일 측정
제외,김주영B,mps-authoring-inputs (4).xlsx,223,,,추가파일 동일 측정
제외,김단우,mps-authoring-inputs (4).xlsx,224,,,추가파일 동일 측정
제외,김시완,mps-authoring-inputs (4).xlsx,225,,,추가파일 동일 측정
제외,명세율,mps-authoring-inputs (4).xlsx,226,,,추가파일 동일 측정
제외,이도윤,mps-authoring-inputs (4).xlsx,227,,,추가파일 동일 측정
제외,김정우,mps-authoring-inputs (4).xlsx,228,,,추가파일 동일 측정
제외,최윤오,mps-authoring-inputs (4).xlsx,229,,,추가파일 동일 측정
제외,신윤우,mps-authoring-inputs (4).xlsx,230,,,추가파일 동일 측정
제외,이준서,mps-authoring-inputs (4).xlsx,231,,,추가파일 동일 측정
제외,박누리솔,mps-authoring-inputs (4).xlsx,232,,,추가파일 동일 측정
제외,지현성,mps-authoring-inputs (4).xlsx,233,,,추가파일 동일 측정
제외,모렐로 벤자민,mps-authoring-inputs (4).xlsx,234,,,추가파일 동일 측정
제외,이선율,mps-authoring-inputs (4).xlsx,235,,,추가파일 동일 측정
제외,박유찬,mps-authoring-inputs (4).xlsx,236,,,추가파일 동일 측정
제외,박종률,mps-authoring-inputs (4).xlsx,237,,,추가파일 동일 측정
제외,오승유,mps-authoring-inputs (4).xlsx,238,,,추가파일 동일 측정
제외,김민섭,mps-authoring-inputs (4).xlsx,239,,,추가파일 동일 측정
제외,이호균,mps-authoring-inputs (4).xlsx,240,,,추가파일 동일 측정
제외,방시윤,mps-authoring-inputs (4).xlsx,241,,,추가파일 동일 측정
제외,김율,mps-authoring-inputs (4).xlsx,242,,,추가파일 동일 측정
제외,이시원,mps-authoring-inputs (4).xlsx,243,,,추가파일 동일 측정
제외,이서준,mps-authoring-inputs (4).xlsx,244,,,추가파일 동일 측정
제외,최원준,mps-authoring-inputs (4).xlsx,245,,,추가파일 동일 측정
제외,최민건,mps-authoring-inputs (4).xlsx,246,,,추가파일 동일 측정
제외,박건,mps-authoring-inputs (4).xlsx,247,,,추가파일 동일 측정
제외,임효우,mps-authoring-inputs (4).xlsx,248,,,추가파일 동일 측정
제외,방준혁,mps-authoring-inputs (4).xlsx,249,,,추가파일 동일 측정
제외,정세윤,mps-authoring-inputs (4).xlsx,250,,,추가파일 동일 측정
제외,안진우,mps-authoring-inputs (4).xlsx,251,,,추가파일 동일 측정
제외,김승환,mps-authoring-inputs (4).xlsx,252,,,추가파일 동일 측정
제외,곽제이,mps-authoring-inputs (4).xlsx,254,,,추가파일 동일 측정
제외,홍선,mps-authoring-inputs (4).xlsx,255,,,추가파일 동일 측정
제외,염연우,mps-authoring-inputs (4).xlsx,256,,,추가파일 동일 측정
제외,정태원,mps-authoring-inputs (4).xlsx,257,,,추가파일 동일 측정
제외,서승현,mps-authoring-inputs (4).xlsx,258,,,추가파일 동일 측정
제외,김수현,mps-authoring-inputs (4).xlsx,259,,,추가파일 동일 측정
제외,이송규,mps-authoring-inputs (4).xlsx,260,,,추가파일 동일 측정
제외,이정윤,mps-authoring-inputs (4).xlsx,261,,,추가파일 동일 측정
제외,김주혁,mps-authoring-inputs (10).xlsx,13,,,추가파일 동일 측정
제외,김찬영,mps-authoring-inputs (10).xlsx,15,,,추가파일 동일 측정
제외,반주원,mps-authoring-inputs (10).xlsx,17,,,추가파일 동일 측정
제외,김지한,mps-authoring-inputs (10).xlsx,20,,,추가파일 동일 측정
제외,윤하람,mps-authoring-inputs (10).xlsx,24,,,추가파일 동일 측정
제외,서정민,mps-authoring-inputs (10).xlsx,25,,,추가파일 동일 측정
제외,서우빈,mps-authoring-inputs (10).xlsx,26,,,추가파일 동일 측정
제외,윤준규,mps-authoring-inputs (10).xlsx,27,,,추가파일 동일 측정
제외,박주원,mps-authoring-inputs (10).xlsx,29,,,추가파일 동일 측정
제외,박시윤,mps-authoring-inputs (10).xlsx,30,,,추가파일 동일 측정
제외,김세한,mps-authoring-inputs (10).xlsx,32,,,추가파일 동일 측정
제외,이정수,mps-authoring-inputs (10).xlsx,33,,,추가파일 동일 측정
제외,김민준,mps-authoring-inputs (10).xlsx,34,,,추가파일 동일 측정
제외,이상우,mps-authoring-inputs (10).xlsx,35,,,추가파일 동일 측정
제외,임영준,mps-authoring-inputs (10).xlsx,36,,,추가파일 동일 측정
제외,소준희,mps-authoring-inputs (10).xlsx,37,,,추가파일 동일 측정
제외,백채아,mps-authoring-inputs (10).xlsx,38,,,추가파일 동일 측정
제외,이준후,mps-authoring-inputs (10).xlsx,39,,,추가파일 동일 측정
제외,손신유,mps-authoring-inputs (10).xlsx,40,,,추가파일 동일 측정
제외,유선민,mps-authoring-inputs (10).xlsx,41,,,추가파일 동일 측정
제외,유정훈,mps-authoring-inputs (10).xlsx,42,,,추가파일 동일 측정
제외,백규헌,mps-authoring-inputs (10).xlsx,43,,,추가파일 동일 측정
제외,송현우,mps-authoring-inputs (10).xlsx,44,,,추가파일 동일 측정
제외,이우빈,mps-authoring-inputs (10).xlsx,45,,,추가파일 동일 측정
제외,박정준,mps-authoring-inputs (10).xlsx,46,,,추가파일 동일 측정
제외,안서진,mps-authoring-inputs (10).xlsx,47,,,추가파일 동일 측정
제외,이승환,mps-authoring-inputs (10).xlsx,48,,,추가파일 동일 측정
제외,이도윤,mps-authoring-inputs (10).xlsx,49,,,추가파일 동일 측정
제외,고서진,mps-authoring-inputs (10).xlsx,50,,,추가파일 동일 측정
제외,강승원,mps-authoring-inputs (10).xlsx,51,,,추가파일 동일 측정
제외,임정빈,mps-authoring-inputs (10).xlsx,52,,,추가파일 동일 측정
제외,길시혁,mps-authoring-inputs (10).xlsx,53,,,추가파일 동일 측정
제외,박재하,mps-authoring-inputs (10).xlsx,54,,,추가파일 동일 측정
제외,김건준,mps-authoring-inputs (10).xlsx,55,,,추가파일 동일 측정
제외,김주원,mps-authoring-inputs (10).xlsx,56,,,추가파일 동일 측정
제외,양승현,mps-authoring-inputs (10).xlsx,57,,,추가파일 동일 측정
제외,박범,mps-authoring-inputs (10).xlsx,58,,,추가파일 동일 측정
제외,허정우,mps-authoring-inputs (10).xlsx,59,,,추가파일 동일 측정
제외,이정우,mps-authoring-inputs (10).xlsx,60,,,추가파일 동일 측정
제외,최승우,mps-authoring-inputs (10).xlsx,61,,,추가파일 동일 측정
제외,박지우,mps-authoring-inputs (10).xlsx,62,,,추가파일 동일 측정
제외,이시준,mps-authoring-inputs (10).xlsx,63,,,추가파일 동일 측정
제외,김연우,mps-authoring-inputs (10).xlsx,64,,,추가파일 동일 측정
제외,한시우,mps-authoring-inputs (10).xlsx,65,,,추가파일 동일 측정
제외,최장우,mps-authoring-inputs (10).xlsx,66,,,추가파일 동일 측정
제외,조요한,mps-authoring-inputs (10).xlsx,67,,,추가파일 동일 측정
제외,임태우,mps-authoring-inputs (10).xlsx,68,,,추가파일 동일 측정
제외,오승택,mps-authoring-inputs (10).xlsx,69,,,추가파일 동일 측정
제외,고은기,mps-authoring-inputs (10).xlsx,70,,,추가파일 동일 측정
제외,최디마,mps-authoring-inputs (10).xlsx,71,,,추가파일 동일 측정
제외,황준서,mps-authoring-inputs (10).xlsx,72,,,추가파일 동일 측정
제외,황시후,mps-authoring-inputs (10).xlsx,73,,,추가파일 동일 측정
제외,이훈,mps-authoring-inputs (10).xlsx,74,,,추가파일 동일 측정
제외,김윤우,mps-authoring-inputs (10).xlsx,75,,,추가파일 동일 측정
제외,박도현,mps-authoring-inputs (10).xlsx,76,,,추가파일 동일 측정
제외,한성식,mps-authoring-inputs (10).xlsx,77,,,추가파일 동일 측정
제외,임시환,mps-authoring-inputs (10).xlsx,78,,,추가파일 동일 측정
제외,김다온,mps-authoring-inputs (10).xlsx,79,,,추가파일 동일 측정
제외,권정우,mps-authoring-inputs (10).xlsx,80,,,추가파일 동일 측정
제외,김수지,mps-authoring-inputs (10).xlsx,81,,,추가파일 동일 측정
제외,서은성,mps-authoring-inputs (10).xlsx,82,,,추가파일 동일 측정
제외,김하민,mps-authoring-inputs (10).xlsx,83,,,추가파일 동일 측정
제외,전하늘,mps-authoring-inputs (10).xlsx,84,,,추가파일 동일 측정
제외,박준오,mps-authoring-inputs (10).xlsx,85,,,추가파일 동일 측정
제외,이승헌,mps-authoring-inputs (10).xlsx,86,,,추가파일 동일 측정
제외,안현준,mps-authoring-inputs (10).xlsx,87,,,추가파일 동일 측정
제외,이한빈,mps-authoring-inputs (10).xlsx,88,,,추가파일 동일 측정
제외,장동건,mps-authoring-inputs (10).xlsx,89,,,추가파일 동일 측정
제외,윤하람,mps-authoring-inputs (10).xlsx,90,,,추가파일 동일 측정
제외,윤우빈,mps-authoring-inputs (10).xlsx,91,,,추가파일 동일 측정
제외,윤예별,mps-authoring-inputs (10).xlsx,92,,,추가파일 동일 측정
제외,박서준,mps-authoring-inputs (10).xlsx,93,,,추가파일 동일 측정
제외,정태윤,mps-authoring-inputs (10).xlsx,94,,,추가파일 동일 측정
제외,이찬,mps-authoring-inputs (10).xlsx,95,,,추가파일 동일 측정
제외,김태호,mps-authoring-inputs (10).xlsx,96,,,추가파일 동일 측정
제외,고결,mps-authoring-inputs (10).xlsx,97,,,추가파일 동일 측정
제외,성시헌,mps-authoring-inputs (10).xlsx,98,,,추가파일 동일 측정
제외,지수민,mps-authoring-inputs (10).xlsx,99,,,추가파일 동일 측정
제외,임민수,mps-authoring-inputs (10).xlsx,100,,,추가파일 동일 측정
제외,이주안,mps-authoring-inputs (10).xlsx,101,,,추가파일 동일 측정
제외,박재형,mps-authoring-inputs (10).xlsx,102,,,추가파일 동일 측정
제외,김동욱,mps-authoring-inputs (10).xlsx,103,,,추가파일 동일 측정
제외,이준성,mps-authoring-inputs (10).xlsx,104,,,추가파일 동일 측정
제외,김민재,mps-authoring-inputs (10).xlsx,105,,,추가파일 동일 측정
제외,김도하,mps-authoring-inputs (10).xlsx,106,,,추가파일 동일 측정
제외,황재승,mps-authoring-inputs (10).xlsx,107,,,추가파일 동일 측정
제외,박서준,mps-authoring-inputs (10).xlsx,108,,,추가파일 동일 측정
제외,이서준,mps-authoring-inputs (10).xlsx,109,,,추가파일 동일 측정
제외,김세웅,mps-authoring-inputs (10).xlsx,110,,,추가파일 동일 측정
제외,유재은,mps-authoring-inputs (10).xlsx,111,,,추가파일 동일 측정
제외,김태림,mps-authoring-inputs (10).xlsx,112,,,추가파일 동일 측정
제외,이재원,mps-authoring-inputs (10).xlsx,113,,,추가파일 동일 측정
제외,이시우,mps-authoring-inputs (10).xlsx,114,,,추가파일 동일 측정
제외,김이현,mps-authoring-inputs (10).xlsx,115,,,추가파일 동일 측정
제외,오서준,mps-authoring-inputs (10).xlsx,116,,,추가파일 동일 측정
제외,유지훈,mps-authoring-inputs (10).xlsx,118,,,추가파일 동일 측정
제외,오찬희,mps-authoring-inputs (10).xlsx,119,,,추가파일 동일 측정
제외,박태양,mps-authoring-inputs (10).xlsx,120,,,추가파일 동일 측정
제외,김찬유,mps-authoring-inputs (10).xlsx,121,,,추가파일 동일 측정
제외,김민성,mps-authoring-inputs (10).xlsx,122,,,추가파일 동일 측정
제외,오주원,mps-authoring-inputs (10).xlsx,123,,,추가파일 동일 측정
제외,김주원,mps-authoring-inputs (10).xlsx,124,,,추가파일 동일 측정
제외,이주언,mps-authoring-inputs (10).xlsx,125,,,추가파일 동일 측정
제외,안호성,mps-authoring-inputs (10).xlsx,126,,,추가파일 동일 측정
제외,왕주원,mps-authoring-inputs (10).xlsx,127,,,추가파일 동일 측정
제외,이채민,mps-authoring-inputs (10).xlsx,128,,,추가파일 동일 측정
제외,김도영,mps-authoring-inputs (10).xlsx,129,,,추가파일 동일 측정
제외,이대니,mps-authoring-inputs (10).xlsx,130,,,추가파일 동일 측정
제외,남궁민,mps-authoring-inputs (10).xlsx,131,,,추가파일 동일 측정
제외,김유진,mps-authoring-inputs (10).xlsx,132,,,추가파일 동일 측정
제외,이다올,mps-authoring-inputs (10).xlsx,133,,,추가파일 동일 측정
제외,이준영,mps-authoring-inputs (10).xlsx,134,,,추가파일 동일 측정
제외,류희진,mps-authoring-inputs (10).xlsx,135,,,추가파일 동일 측정
제외,권도현,mps-authoring-inputs (10).xlsx,136,,,추가파일 동일 측정
제외,금민승,mps-authoring-inputs (10).xlsx,137,,,추가파일 동일 측정
제외,박태민,mps-authoring-inputs (10).xlsx,138,,,추가파일 동일 측정
제외,정예담,mps-authoring-inputs (10).xlsx,139,,,추가파일 동일 측정
제외,유세종,mps-authoring-inputs (10).xlsx,140,,,추가파일 동일 측정
제외,김범진,mps-authoring-inputs (10).xlsx,141,,,추가파일 동일 측정
제외,한호준,mps-authoring-inputs (10).xlsx,142,,,추가파일 동일 측정
제외,홍준우,mps-authoring-inputs (10).xlsx,143,,,추가파일 동일 측정
제외,이하랑,mps-authoring-inputs (10).xlsx,144,,,추가파일 동일 측정
제외,임세훈,mps-authoring-inputs (10).xlsx,145,,,추가파일 동일 측정
제외,조현상,mps-authoring-inputs (10).xlsx,146,,,추가파일 동일 측정
제외,강이준,mps-authoring-inputs (10).xlsx,147,,,추가파일 동일 측정
제외,문진혁,mps-authoring-inputs (10).xlsx,148,,,추가파일 동일 측정
제외,최은우,mps-authoring-inputs (10).xlsx,149,,,추가파일 동일 측정
제외,변정우,mps-authoring-inputs (10).xlsx,150,,,추가파일 동일 측정
제외,안제혁,mps-authoring-inputs (10).xlsx,151,,,추가파일 동일 측정
제외,김온유,mps-authoring-inputs (10).xlsx,152,,,추가파일 동일 측정
제외,이도현,mps-authoring-inputs (10).xlsx,153,,,추가파일 동일 측정
제외,박규빈,mps-authoring-inputs (10).xlsx,154,,,추가파일 동일 측정
제외,신지율,mps-authoring-inputs (10).xlsx,155,,,추가파일 동일 측정
제외,박정환,mps-authoring-inputs (10).xlsx,156,,,추가파일 동일 측정
제외,정선우,mps-authoring-inputs (10).xlsx,157,,,추가파일 동일 측정
제외,조현우,mps-authoring-inputs (10).xlsx,158,,,추가파일 동일 측정
제외,이기석,mps-authoring-inputs (10).xlsx,159,,,추가파일 동일 측정
제외,김준수,mps-authoring-inputs (10).xlsx,160,,,추가파일 동일 측정
제외,김시윤,mps-authoring-inputs (10).xlsx,161,,,추가파일 동일 측정
제외,임건우,mps-authoring-inputs (10).xlsx,162,,,추가파일 동일 측정
제외,이유찬,mps-authoring-inputs (10).xlsx,163,,,추가파일 동일 측정
제외,최민기,mps-authoring-inputs (10).xlsx,164,,,추가파일 동일 측정
제외,윤하준,mps-authoring-inputs (10).xlsx,165,,,추가파일 동일 측정
제외,이태인,mps-authoring-inputs (10).xlsx,166,,,추가파일 동일 측정
제외,전준혁,mps-authoring-inputs (10).xlsx,167,,,추가파일 동일 측정
제외,도율찬,mps-authoring-inputs (10).xlsx,168,,,추가파일 동일 측정
제외,김가온,mps-authoring-inputs (10).xlsx,169,,,추가파일 동일 측정
제외,서도우,mps-authoring-inputs (10).xlsx,170,,,추가파일 동일 측정
제외,최시호,mps-authoring-inputs (10).xlsx,171,,,추가파일 동일 측정
제외,임유담,mps-authoring-inputs (10).xlsx,172,,,추가파일 동일 측정
제외,임라울,mps-authoring-inputs (10).xlsx,173,,,추가파일 동일 측정
제외,이주원,mps-authoring-inputs (10).xlsx,174,,,추가파일 동일 측정
제외,박선준,mps-authoring-inputs (10).xlsx,175,,,추가파일 동일 측정
제외,이지우,mps-authoring-inputs (10).xlsx,176,,,추가파일 동일 측정
제외,데비드,mps-authoring-inputs (10).xlsx,177,,,추가파일 동일 측정
제외,조하준,mps-authoring-inputs (10).xlsx,178,,,추가파일 동일 측정
제외,민온유,mps-authoring-inputs (10).xlsx,179,,,추가파일 동일 측정
제외,김세준,mps-authoring-inputs (10).xlsx,180,,,추가파일 동일 측정
제외,김유래,mps-authoring-inputs (10).xlsx,181,,,추가파일 동일 측정
제외,김이한,mps-authoring-inputs (10).xlsx,182,,,추가파일 동일 측정
제외,박윤우,mps-authoring-inputs (10).xlsx,183,,,추가파일 동일 측정
제외,허민우,mps-authoring-inputs (10).xlsx,184,,,추가파일 동일 측정
제외,최유준,mps-authoring-inputs (10).xlsx,185,,,추가파일 동일 측정
제외,백인우,mps-authoring-inputs (10).xlsx,186,,,추가파일 동일 측정
제외,신지호,mps-authoring-inputs (10).xlsx,187,,,추가파일 동일 측정
제외,박우찬,mps-authoring-inputs (10).xlsx,188,,,추가파일 동일 측정
제외,윤서준,mps-authoring-inputs (10).xlsx,189,,,추가파일 동일 측정
제외,오스틴 austin,mps-authoring-inputs (10).xlsx,190,,,추가파일 동일 측정
제외,김선혁,mps-authoring-inputs (10).xlsx,191,,,추가파일 동일 측정
제외,김수혁,mps-authoring-inputs (10).xlsx,192,,,추가파일 동일 측정
제외,임재인,mps-authoring-inputs (10).xlsx,194,,,추가파일 동일 측정
제외,최윤후,mps-authoring-inputs (10).xlsx,195,,,추가파일 동일 측정
제외,이윤우,mps-authoring-inputs (10).xlsx,196,,,추가파일 동일 측정
제외,한서준,mps-authoring-inputs (10).xlsx,197,,,추가파일 동일 측정
제외,이예준,mps-authoring-inputs (10).xlsx,198,,,추가파일 동일 측정
제외,홍승우,mps-authoring-inputs (10).xlsx,199,,,추가파일 동일 측정
제외,김형규,mps-authoring-inputs (10).xlsx,200,,,추가파일 동일 측정
제외,김예준,mps-authoring-inputs (10).xlsx,201,,,추가파일 동일 측정
제외,김효빈,mps-authoring-inputs (10).xlsx,202,,,추가파일 동일 측정
제외,한상율,mps-authoring-inputs (10).xlsx,203,,,추가파일 동일 측정
제외,홍성원,mps-authoring-inputs (10).xlsx,204,,,추가파일 동일 측정
제외,최지혁,mps-authoring-inputs (10).xlsx,205,,,추가파일 동일 측정
제외,양승현,mps-authoring-inputs (10).xlsx,206,,,추가파일 동일 측정
제외,이준우,mps-authoring-inputs (10).xlsx,207,,,추가파일 동일 측정
제외,윤현명,mps-authoring-inputs (10).xlsx,208,,,추가파일 동일 측정
제외,구교준,mps-authoring-inputs (10).xlsx,209,,,추가파일 동일 측정
제외,김태한,mps-authoring-inputs (10).xlsx,210,,,추가파일 동일 측정
제외,이시우,mps-authoring-inputs (10).xlsx,211,,,추가파일 동일 측정
제외,이찬민,mps-authoring-inputs (10).xlsx,212,,,추가파일 동일 측정
제외,김정민,mps-authoring-inputs (10).xlsx,213,,,추가파일 동일 측정
제외,정유준,mps-authoring-inputs (10).xlsx,214,,,추가파일 동일 측정
제외,이재유,mps-authoring-inputs (10).xlsx,215,,,추가파일 동일 측정
제외,이유찬,mps-authoring-inputs (10).xlsx,216,,,추가파일 동일 측정
제외,박현서,mps-authoring-inputs (10).xlsx,217,,,추가파일 동일 측정
제외,문태준,mps-authoring-inputs (10).xlsx,218,,,추가파일 동일 측정
제외,주태율,mps-authoring-inputs (10).xlsx,219,,,추가파일 동일 측정
제외,권예준,mps-authoring-inputs (10).xlsx,220,,,추가파일 동일 측정
제외,박하랑,mps-authoring-inputs (10).xlsx,221,,,추가파일 동일 측정
제외,홍찬빈,mps-authoring-inputs (10).xlsx,222,,,추가파일 동일 측정
제외,안재상,mps-authoring-inputs (10).xlsx,223,,,추가파일 동일 측정
제외,송하율,mps-authoring-inputs (10).xlsx,224,,,추가파일 동일 측정
제외,이예환,mps-authoring-inputs (10).xlsx,225,,,추가파일 동일 측정
제외,민진우,mps-authoring-inputs (10).xlsx,226,,,추가파일 동일 측정
제외,김현중,mps-authoring-inputs (10).xlsx,227,,,추가파일 동일 측정
제외,권서준,mps-authoring-inputs (10).xlsx,228,,,추가파일 동일 측정
제외,김주혁,mps-authoring-inputs (10).xlsx,229,,,추가파일 동일 측정
제외,정준우,mps-authoring-inputs (10).xlsx,230,,,추가파일 동일 측정
제외,김서진,mps-authoring-inputs (10).xlsx,231,,,추가파일 동일 측정
제외,신민찬,mps-authoring-inputs (10).xlsx,232,,,추가파일 동일 측정
제외,김현준,mps-authoring-inputs (10).xlsx,233,,,추가파일 동일 측정
제외,오현준,mps-authoring-inputs (10).xlsx,234,,,추가파일 동일 측정
제외,유지호,mps-authoring-inputs (10).xlsx,235,,,추가파일 동일 측정
제외,김민환,mps-authoring-inputs (10).xlsx,237,,,추가파일 동일 측정
제외,이승우,mps-authoring-inputs (10).xlsx,238,,,추가파일 동일 측정
제외,최시윤,mps-authoring-inputs (10).xlsx,239,,,추가파일 동일 측정
제외,박건우,mps-authoring-inputs (10).xlsx,240,,,추가파일 동일 측정
제외,이두율,mps-authoring-inputs (10).xlsx,241,,,추가파일 동일 측정
제외,이예율,mps-authoring-inputs (10).xlsx,242,,,추가파일 동일 측정
제외,김주영B,mps-authoring-inputs (10).xlsx,243,,,추가파일 동일 측정
제외,김단우,mps-authoring-inputs (10).xlsx,244,,,추가파일 동일 측정
제외,김시완,mps-authoring-inputs (10).xlsx,245,,,추가파일 동일 측정
제외,명세율,mps-authoring-inputs (10).xlsx,246,,,추가파일 동일 측정
제외,이도윤,mps-authoring-inputs (10).xlsx,247,,,추가파일 동일 측정
제외,김정우,mps-authoring-inputs (10).xlsx,248,,,추가파일 동일 측정
제외,최윤오,mps-authoring-inputs (10).xlsx,249,,,추가파일 동일 측정
제외,신윤우,mps-authoring-inputs (10).xlsx,250,,,추가파일 동일 측정
제외,이준서,mps-authoring-inputs (10).xlsx,252,,,추가파일 동일 측정
제외,박누리솔,mps-authoring-inputs (10).xlsx,253,,,추가파일 동일 측정
제외,지현성,mps-authoring-inputs (10).xlsx,254,,,추가파일 동일 측정
제외,모렐로 벤자민,mps-authoring-inputs (10).xlsx,255,,,추가파일 동일 측정
제외,이선율,mps-authoring-inputs (10).xlsx,256,,,추가파일 동일 측정
제외,박유찬,mps-authoring-inputs (10).xlsx,257,,,추가파일 동일 측정
제외,박종률,mps-authoring-inputs (10).xlsx,258,,,추가파일 동일 측정
제외,오승유,mps-authoring-inputs (10).xlsx,259,,,추가파일 동일 측정
제외,김민섭,mps-authoring-inputs (10).xlsx,260,,,추가파일 동일 측정
제외,이호균,mps-authoring-inputs (10).xlsx,261,,,추가파일 동일 측정
제외,방시윤,mps-authoring-inputs (10).xlsx,262,,,추가파일 동일 측정
제외,김율,mps-authoring-inputs (10).xlsx,263,,,추가파일 동일 측정
제외,이시원,mps-authoring-inputs (10).xlsx,264,,,추가파일 동일 측정
제외,이서준,mps-authoring-inputs (10).xlsx,265,,,추가파일 동일 측정
제외,최원준,mps-authoring-inputs (10).xlsx,266,,,추가파일 동일 측정
제외,최민건,mps-authoring-inputs (10).xlsx,267,,,추가파일 동일 측정
제외,박건,mps-authoring-inputs (10).xlsx,268,,,추가파일 동일 측정
제외,임효우,mps-authoring-inputs (10).xlsx,269,,,추가파일 동일 측정
제외,방준혁,mps-authoring-inputs (10).xlsx,270,,,추가파일 동일 측정
제외,정세윤,mps-authoring-inputs (10).xlsx,271,,,추가파일 동일 측정
제외,안진우,mps-authoring-inputs (10).xlsx,272,,,추가파일 동일 측정
제외,김승환,mps-authoring-inputs (10).xlsx,273,,,추가파일 동일 측정
제외,강동완,mps-authoring-inputs (10).xlsx,274,,,추가파일 동일 측정
제외,곽제이,mps-authoring-inputs (10).xlsx,275,,,추가파일 동일 측정
제외,홍선,mps-authoring-inputs (10).xlsx,277,,,추가파일 동일 측정
제외,염연우,mps-authoring-inputs (10).xlsx,278,,,추가파일 동일 측정
제외,정태원,mps-authoring-inputs (10).xlsx,279,,,추가파일 동일 측정
제외,서승현,mps-authoring-inputs (10).xlsx,280,,,추가파일 동일 측정
제외,김수현,mps-authoring-inputs (10).xlsx,281,,,추가파일 동일 측정
제외,이송규,mps-authoring-inputs (10).xlsx,282,,,추가파일 동일 측정
제외,이정윤,mps-authoring-inputs (10).xlsx,283,,,추가파일 동일 측정
제외,손하준,mps-authoring-inputs (11).xlsx,5,,,추가파일 동일 측정
제외,음연재,mps-authoring-inputs (11).xlsx,6,,,추가파일 동일 측정
제외,이지우,mps-authoring-inputs (11).xlsx,7,,,추가파일 동일 측정
제외,이지율,mps-authoring-inputs (11).xlsx,8,,,추가파일 동일 측정
제외,김동읍,mps-authoring-inputs (11).xlsx,9,,,추가파일 동일 측정
제외,김시온,mps-authoring-inputs (11).xlsx,10,,,추가파일 동일 측정
제외,신서윤,mps-authoring-inputs (11).xlsx,11,,,추가파일 동일 측정
제외,김민결,mps-authoring-inputs (11).xlsx,12,,,추가파일 동일 측정
제외,노현성,mps-authoring-inputs (11).xlsx,13,,,추가파일 동일 측정
제외,김주혁,mps-authoring-inputs (11).xlsx,15,,,추가파일 동일 측정
제외,최윤호,mps-authoring-inputs (11).xlsx,16,,,추가파일 동일 측정
제외,김찬영,mps-authoring-inputs (11).xlsx,17,,,추가파일 동일 측정
제외,임지완,mps-authoring-inputs (11).xlsx,18,,,추가파일 동일 측정
제외,반주원,mps-authoring-inputs (11).xlsx,19,,,추가파일 동일 측정
제외,이한,mps-authoring-inputs (11).xlsx,20,,,추가파일 동일 측정
제외,박다빈,mps-authoring-inputs (11).xlsx,21,,,추가파일 동일 측정
제외,김지한,mps-authoring-inputs (11).xlsx,22,,,추가파일 동일 측정
제외,김규원,mps-authoring-inputs (11).xlsx,23,,,추가파일 동일 측정
제외,김민준,mps-authoring-inputs (11).xlsx,24,,,추가파일 동일 측정
제외,박슬우,mps-authoring-inputs (11).xlsx,25,,,추가파일 동일 측정
제외,윤하람,mps-authoring-inputs (11).xlsx,26,,,추가파일 동일 측정
제외,서정민,mps-authoring-inputs (11).xlsx,27,,,추가파일 동일 측정
제외,서우빈,mps-authoring-inputs (11).xlsx,28,,,추가파일 동일 측정
제외,윤준규,mps-authoring-inputs (11).xlsx,29,,,추가파일 동일 측정
제외,김승주,mps-authoring-inputs (11).xlsx,30,,,추가파일 동일 측정
제외,박주원,mps-authoring-inputs (11).xlsx,31,,,추가파일 동일 측정
제외,박시윤,mps-authoring-inputs (11).xlsx,32,,,추가파일 동일 측정
제외,한리구,mps-authoring-inputs (11).xlsx,33,,,추가파일 동일 측정
제외,김세한,mps-authoring-inputs (11).xlsx,34,,,추가파일 동일 측정
제외,이정수,mps-authoring-inputs (11).xlsx,35,,,추가파일 동일 측정
제외,김민준,mps-authoring-inputs (11).xlsx,36,,,추가파일 동일 측정
제외,이상우,mps-authoring-inputs (11).xlsx,37,,,추가파일 동일 측정
제외,임영준,mps-authoring-inputs (11).xlsx,38,,,추가파일 동일 측정
제외,소준희,mps-authoring-inputs (11).xlsx,39,,,추가파일 동일 측정
제외,백채아,mps-authoring-inputs (11).xlsx,40,,,추가파일 동일 측정
제외,이준후,mps-authoring-inputs (11).xlsx,41,,,추가파일 동일 측정
제외,손신유,mps-authoring-inputs (11).xlsx,42,,,추가파일 동일 측정
제외,유선민,mps-authoring-inputs (11).xlsx,43,,,추가파일 동일 측정
제외,유정훈,mps-authoring-inputs (11).xlsx,44,,,추가파일 동일 측정
제외,백규헌,mps-authoring-inputs (11).xlsx,45,,,추가파일 동일 측정
제외,송현우,mps-authoring-inputs (11).xlsx,46,,,추가파일 동일 측정
제외,이우빈,mps-authoring-inputs (11).xlsx,47,,,추가파일 동일 측정
제외,박정준,mps-authoring-inputs (11).xlsx,48,,,추가파일 동일 측정
제외,안서진,mps-authoring-inputs (11).xlsx,49,,,추가파일 동일 측정
제외,이승환,mps-authoring-inputs (11).xlsx,50,,,추가파일 동일 측정
제외,이도윤,mps-authoring-inputs (11).xlsx,51,,,추가파일 동일 측정
제외,고서진,mps-authoring-inputs (11).xlsx,52,,,추가파일 동일 측정
제외,강승원,mps-authoring-inputs (11).xlsx,53,,,추가파일 동일 측정
제외,임정빈,mps-authoring-inputs (11).xlsx,54,,,추가파일 동일 측정
제외,길시혁,mps-authoring-inputs (11).xlsx,55,,,추가파일 동일 측정
제외,박재하,mps-authoring-inputs (11).xlsx,56,,,추가파일 동일 측정
제외,김건준,mps-authoring-inputs (11).xlsx,57,,,추가파일 동일 측정
제외,김주원,mps-authoring-inputs (11).xlsx,58,,,추가파일 동일 측정
제외,양승현,mps-authoring-inputs (11).xlsx,59,,,추가파일 동일 측정
제외,박범,mps-authoring-inputs (11).xlsx,60,,,추가파일 동일 측정
제외,허정우,mps-authoring-inputs (11).xlsx,61,,,추가파일 동일 측정
제외,이정우,mps-authoring-inputs (11).xlsx,62,,,추가파일 동일 측정
제외,최승우,mps-authoring-inputs (11).xlsx,63,,,추가파일 동일 측정
제외,박지우,mps-authoring-inputs (11).xlsx,64,,,추가파일 동일 측정
제외,이시준,mps-authoring-inputs (11).xlsx,65,,,추가파일 동일 측정
제외,김연우,mps-authoring-inputs (11).xlsx,66,,,추가파일 동일 측정
제외,한시우,mps-authoring-inputs (11).xlsx,67,,,추가파일 동일 측정
제외,최장우,mps-authoring-inputs (11).xlsx,68,,,추가파일 동일 측정
제외,조요한,mps-authoring-inputs (11).xlsx,69,,,추가파일 동일 측정
제외,임태우,mps-authoring-inputs (11).xlsx,70,,,추가파일 동일 측정
제외,오승택,mps-authoring-inputs (11).xlsx,71,,,추가파일 동일 측정
제외,고은기,mps-authoring-inputs (11).xlsx,72,,,추가파일 동일 측정
제외,최디마,mps-authoring-inputs (11).xlsx,73,,,추가파일 동일 측정
제외,황준서,mps-authoring-inputs (11).xlsx,74,,,추가파일 동일 측정
제외,황시후,mps-authoring-inputs (11).xlsx,75,,,추가파일 동일 측정
제외,이훈,mps-authoring-inputs (11).xlsx,76,,,추가파일 동일 측정
제외,김윤우,mps-authoring-inputs (11).xlsx,77,,,추가파일 동일 측정
제외,박도현,mps-authoring-inputs (11).xlsx,78,,,추가파일 동일 측정
제외,한성식,mps-authoring-inputs (11).xlsx,79,,,추가파일 동일 측정
제외,임시환,mps-authoring-inputs (11).xlsx,80,,,추가파일 동일 측정
제외,김다온,mps-authoring-inputs (11).xlsx,81,,,추가파일 동일 측정
제외,권정우,mps-authoring-inputs (11).xlsx,82,,,추가파일 동일 측정
제외,김수지,mps-authoring-inputs (11).xlsx,83,,,추가파일 동일 측정
제외,서은성,mps-authoring-inputs (11).xlsx,84,,,추가파일 동일 측정
제외,김하민,mps-authoring-inputs (11).xlsx,85,,,추가파일 동일 측정
제외,전하늘,mps-authoring-inputs (11).xlsx,86,,,추가파일 동일 측정
제외,박준오,mps-authoring-inputs (11).xlsx,87,,,추가파일 동일 측정
제외,이승헌,mps-authoring-inputs (11).xlsx,88,,,추가파일 동일 측정
제외,안현준,mps-authoring-inputs (11).xlsx,89,,,추가파일 동일 측정
제외,이한빈,mps-authoring-inputs (11).xlsx,90,,,추가파일 동일 측정
제외,장동건,mps-authoring-inputs (11).xlsx,91,,,추가파일 동일 측정
제외,윤하람,mps-authoring-inputs (11).xlsx,92,,,추가파일 동일 측정
제외,윤우빈,mps-authoring-inputs (11).xlsx,93,,,추가파일 동일 측정
제외,윤예별,mps-authoring-inputs (11).xlsx,94,,,추가파일 동일 측정
제외,박서준,mps-authoring-inputs (11).xlsx,95,,,추가파일 동일 측정
제외,정태윤,mps-authoring-inputs (11).xlsx,96,,,추가파일 동일 측정
제외,이찬,mps-authoring-inputs (11).xlsx,97,,,추가파일 동일 측정
제외,김태호,mps-authoring-inputs (11).xlsx,98,,,추가파일 동일 측정
제외,고결,mps-authoring-inputs (11).xlsx,99,,,추가파일 동일 측정
제외,성시헌,mps-authoring-inputs (11).xlsx,100,,,추가파일 동일 측정
제외,지수민,mps-authoring-inputs (11).xlsx,101,,,추가파일 동일 측정
제외,임민수,mps-authoring-inputs (11).xlsx,102,,,추가파일 동일 측정
제외,이주안,mps-authoring-inputs (11).xlsx,103,,,추가파일 동일 측정
제외,박재형,mps-authoring-inputs (11).xlsx,104,,,추가파일 동일 측정
제외,김동욱,mps-authoring-inputs (11).xlsx,105,,,추가파일 동일 측정
제외,이준성,mps-authoring-inputs (11).xlsx,106,,,추가파일 동일 측정
제외,김민재,mps-authoring-inputs (11).xlsx,107,,,추가파일 동일 측정
제외,김도하,mps-authoring-inputs (11).xlsx,108,,,추가파일 동일 측정
제외,황재승,mps-authoring-inputs (11).xlsx,109,,,추가파일 동일 측정
제외,박서준,mps-authoring-inputs (11).xlsx,110,,,추가파일 동일 측정
제외,이서준,mps-authoring-inputs (11).xlsx,111,,,추가파일 동일 측정
제외,김세웅,mps-authoring-inputs (11).xlsx,112,,,추가파일 동일 측정
제외,유재은,mps-authoring-inputs (11).xlsx,113,,,추가파일 동일 측정
제외,김태림,mps-authoring-inputs (11).xlsx,114,,,추가파일 동일 측정
제외,이재원,mps-authoring-inputs (11).xlsx,115,,,추가파일 동일 측정
제외,이시우,mps-authoring-inputs (11).xlsx,116,,,추가파일 동일 측정
제외,김이현,mps-authoring-inputs (11).xlsx,117,,,추가파일 동일 측정
제외,오서준,mps-authoring-inputs (11).xlsx,118,,,추가파일 동일 측정
제외,이도윤,mps-authoring-inputs (11).xlsx,119,,,추가파일 동일 측정
제외,유지훈,mps-authoring-inputs (11).xlsx,120,,,추가파일 동일 측정
제외,오찬희,mps-authoring-inputs (11).xlsx,121,,,추가파일 동일 측정
제외,박태양,mps-authoring-inputs (11).xlsx,122,,,추가파일 동일 측정
제외,김찬유,mps-authoring-inputs (11).xlsx,123,,,추가파일 동일 측정
제외,김민성,mps-authoring-inputs (11).xlsx,124,,,추가파일 동일 측정
제외,오주원,mps-authoring-inputs (11).xlsx,125,,,추가파일 동일 측정
제외,김주원,mps-authoring-inputs (11).xlsx,126,,,추가파일 동일 측정
제외,이주언,mps-authoring-inputs (11).xlsx,127,,,추가파일 동일 측정
제외,안호성,mps-authoring-inputs (11).xlsx,128,,,추가파일 동일 측정
제외,왕주원,mps-authoring-inputs (11).xlsx,129,,,추가파일 동일 측정
제외,이채민,mps-authoring-inputs (11).xlsx,130,,,추가파일 동일 측정
제외,김도영,mps-authoring-inputs (11).xlsx,131,,,추가파일 동일 측정
제외,이대니,mps-authoring-inputs (11).xlsx,132,,,추가파일 동일 측정
제외,남궁민,mps-authoring-inputs (11).xlsx,133,,,추가파일 동일 측정
제외,김유진,mps-authoring-inputs (11).xlsx,134,,,추가파일 동일 측정
제외,이다올,mps-authoring-inputs (11).xlsx,135,,,추가파일 동일 측정
제외,이준영,mps-authoring-inputs (11).xlsx,136,,,추가파일 동일 측정
제외,류희진,mps-authoring-inputs (11).xlsx,137,,,추가파일 동일 측정
제외,권도현,mps-authoring-inputs (11).xlsx,138,,,추가파일 동일 측정
제외,금민승,mps-authoring-inputs (11).xlsx,139,,,추가파일 동일 측정
제외,박태민,mps-authoring-inputs (11).xlsx,140,,,추가파일 동일 측정
제외,정예담,mps-authoring-inputs (11).xlsx,141,,,추가파일 동일 측정
제외,유세종,mps-authoring-inputs (11).xlsx,142,,,추가파일 동일 측정
제외,김범진,mps-authoring-inputs (11).xlsx,143,,,추가파일 동일 측정
제외,한호준,mps-authoring-inputs (11).xlsx,144,,,추가파일 동일 측정
제외,홍준우,mps-authoring-inputs (11).xlsx,145,,,추가파일 동일 측정
제외,이하랑,mps-authoring-inputs (11).xlsx,146,,,추가파일 동일 측정
제외,임세훈,mps-authoring-inputs (11).xlsx,147,,,추가파일 동일 측정
제외,조현상,mps-authoring-inputs (11).xlsx,148,,,추가파일 동일 측정
제외,강이준,mps-authoring-inputs (11).xlsx,149,,,추가파일 동일 측정
제외,문진혁,mps-authoring-inputs (11).xlsx,150,,,추가파일 동일 측정
제외,최은우,mps-authoring-inputs (11).xlsx,151,,,추가파일 동일 측정
제외,변정우,mps-authoring-inputs (11).xlsx,152,,,추가파일 동일 측정
제외,안제혁,mps-authoring-inputs (11).xlsx,153,,,추가파일 동일 측정
제외,김온유,mps-authoring-inputs (11).xlsx,154,,,추가파일 동일 측정
제외,이도현,mps-authoring-inputs (11).xlsx,155,,,추가파일 동일 측정
제외,박규빈,mps-authoring-inputs (11).xlsx,156,,,추가파일 동일 측정
제외,신지율,mps-authoring-inputs (11).xlsx,157,,,추가파일 동일 측정
제외,박정환,mps-authoring-inputs (11).xlsx,158,,,추가파일 동일 측정
제외,정선우,mps-authoring-inputs (11).xlsx,159,,,추가파일 동일 측정
제외,조현우,mps-authoring-inputs (11).xlsx,160,,,추가파일 동일 측정
제외,이기석,mps-authoring-inputs (11).xlsx,161,,,추가파일 동일 측정
제외,김준수,mps-authoring-inputs (11).xlsx,162,,,추가파일 동일 측정
제외,김시윤,mps-authoring-inputs (11).xlsx,163,,,추가파일 동일 측정
제외,임건우,mps-authoring-inputs (11).xlsx,164,,,추가파일 동일 측정
제외,이유찬,mps-authoring-inputs (11).xlsx,165,,,추가파일 동일 측정
제외,최민기,mps-authoring-inputs (11).xlsx,166,,,추가파일 동일 측정
제외,이태인,mps-authoring-inputs (11).xlsx,167,,,추가파일 동일 측정
제외,전준혁,mps-authoring-inputs (11).xlsx,168,,,추가파일 동일 측정
제외,도율찬,mps-authoring-inputs (11).xlsx,169,,,추가파일 동일 측정
제외,김가온,mps-authoring-inputs (11).xlsx,170,,,추가파일 동일 측정
제외,서도우,mps-authoring-inputs (11).xlsx,171,,,추가파일 동일 측정
제외,최시호,mps-authoring-inputs (11).xlsx,172,,,추가파일 동일 측정
제외,임유담,mps-authoring-inputs (11).xlsx,173,,,추가파일 동일 측정
제외,임라울,mps-authoring-inputs (11).xlsx,174,,,추가파일 동일 측정
제외,이주원,mps-authoring-inputs (11).xlsx,175,,,추가파일 동일 측정
제외,박선준,mps-authoring-inputs (11).xlsx,176,,,추가파일 동일 측정
제외,이지우,mps-authoring-inputs (11).xlsx,177,,,추가파일 동일 측정
제외,데비드,mps-authoring-inputs (11).xlsx,178,,,추가파일 동일 측정
제외,조하준,mps-authoring-inputs (11).xlsx,179,,,추가파일 동일 측정
제외,민온유,mps-authoring-inputs (11).xlsx,180,,,추가파일 동일 측정
제외,김세준,mps-authoring-inputs (11).xlsx,181,,,추가파일 동일 측정
제외,김유래,mps-authoring-inputs (11).xlsx,182,,,추가파일 동일 측정
제외,김이한,mps-authoring-inputs (11).xlsx,183,,,추가파일 동일 측정
제외,박윤우,mps-authoring-inputs (11).xlsx,184,,,추가파일 동일 측정
제외,허민우,mps-authoring-inputs (11).xlsx,185,,,추가파일 동일 측정
제외,최유준,mps-authoring-inputs (11).xlsx,186,,,추가파일 동일 측정
제외,백인우,mps-authoring-inputs (11).xlsx,187,,,추가파일 동일 측정
제외,신지호,mps-authoring-inputs (11).xlsx,188,,,추가파일 동일 측정
제외,박우찬,mps-authoring-inputs (11).xlsx,189,,,추가파일 동일 측정
제외,윤서준,mps-authoring-inputs (11).xlsx,190,,,추가파일 동일 측정
제외,오스틴 austin,mps-authoring-inputs (11).xlsx,191,,,추가파일 동일 측정
제외,김선혁,mps-authoring-inputs (11).xlsx,192,,,추가파일 동일 측정
제외,김수혁,mps-authoring-inputs (11).xlsx,193,,,추가파일 동일 측정
제외,전준수,mps-authoring-inputs (11).xlsx,194,,,추가파일 동일 측정
제외,임재인,mps-authoring-inputs (11).xlsx,195,,,추가파일 동일 측정
제외,최윤후,mps-authoring-inputs (11).xlsx,196,,,추가파일 동일 측정
제외,이윤우,mps-authoring-inputs (11).xlsx,197,,,추가파일 동일 측정
제외,한서준,mps-authoring-inputs (11).xlsx,198,,,추가파일 동일 측정
제외,이예준,mps-authoring-inputs (11).xlsx,199,,,추가파일 동일 측정
제외,홍승우,mps-authoring-inputs (11).xlsx,200,,,추가파일 동일 측정
제외,김형규,mps-authoring-inputs (11).xlsx,201,,,추가파일 동일 측정
제외,김예준,mps-authoring-inputs (11).xlsx,202,,,추가파일 동일 측정
제외,김효빈,mps-authoring-inputs (11).xlsx,203,,,추가파일 동일 측정
제외,한상율,mps-authoring-inputs (11).xlsx,204,,,추가파일 동일 측정
제외,홍성원,mps-authoring-inputs (11).xlsx,205,,,추가파일 동일 측정
제외,최지혁,mps-authoring-inputs (11).xlsx,206,,,추가파일 동일 측정
제외,양승현,mps-authoring-inputs (11).xlsx,207,,,추가파일 동일 측정
제외,이준우,mps-authoring-inputs (11).xlsx,208,,,추가파일 동일 측정
제외,윤현명,mps-authoring-inputs (11).xlsx,209,,,추가파일 동일 측정
제외,구교준,mps-authoring-inputs (11).xlsx,210,,,추가파일 동일 측정
제외,김태한,mps-authoring-inputs (11).xlsx,211,,,추가파일 동일 측정
제외,이시우,mps-authoring-inputs (11).xlsx,212,,,추가파일 동일 측정
제외,이찬민,mps-authoring-inputs (11).xlsx,213,,,추가파일 동일 측정
제외,김정민,mps-authoring-inputs (11).xlsx,214,,,추가파일 동일 측정
제외,정유준,mps-authoring-inputs (11).xlsx,215,,,추가파일 동일 측정
제외,이재유,mps-authoring-inputs (11).xlsx,216,,,추가파일 동일 측정
제외,이유찬,mps-authoring-inputs (11).xlsx,217,,,추가파일 동일 측정
제외,박현서,mps-authoring-inputs (11).xlsx,218,,,추가파일 동일 측정
제외,문태준,mps-authoring-inputs (11).xlsx,219,,,추가파일 동일 측정
제외,주태율,mps-authoring-inputs (11).xlsx,220,,,추가파일 동일 측정
제외,권예준,mps-authoring-inputs (11).xlsx,221,,,추가파일 동일 측정
제외,박하랑,mps-authoring-inputs (11).xlsx,222,,,추가파일 동일 측정
제외,홍찬빈,mps-authoring-inputs (11).xlsx,223,,,추가파일 동일 측정
제외,안재상,mps-authoring-inputs (11).xlsx,224,,,추가파일 동일 측정
제외,송하율,mps-authoring-inputs (11).xlsx,225,,,추가파일 동일 측정
제외,이예환,mps-authoring-inputs (11).xlsx,226,,,추가파일 동일 측정
제외,민진우,mps-authoring-inputs (11).xlsx,227,,,추가파일 동일 측정
제외,김현중,mps-authoring-inputs (11).xlsx,228,,,추가파일 동일 측정
제외,권서준,mps-authoring-inputs (11).xlsx,229,,,추가파일 동일 측정
제외,김주혁,mps-authoring-inputs (11).xlsx,230,,,추가파일 동일 측정
제외,정준우,mps-authoring-inputs (11).xlsx,231,,,추가파일 동일 측정
제외,김서진,mps-authoring-inputs (11).xlsx,232,,,추가파일 동일 측정
제외,신민찬,mps-authoring-inputs (11).xlsx,233,,,추가파일 동일 측정
제외,김현준,mps-authoring-inputs (11).xlsx,234,,,추가파일 동일 측정
제외,오현준,mps-authoring-inputs (11).xlsx,235,,,추가파일 동일 측정
제외,유지호,mps-authoring-inputs (11).xlsx,236,,,추가파일 동일 측정
제외,김주영A,mps-authoring-inputs (11).xlsx,237,,,추가파일 동일 측정
제외,김민환,mps-authoring-inputs (11).xlsx,238,,,추가파일 동일 측정
제외,이승우,mps-authoring-inputs (11).xlsx,239,,,추가파일 동일 측정
제외,최시윤,mps-authoring-inputs (11).xlsx,240,,,추가파일 동일 측정
제외,박건우,mps-authoring-inputs (11).xlsx,241,,,추가파일 동일 측정
제외,이두율,mps-authoring-inputs (11).xlsx,242,,,추가파일 동일 측정
제외,이예율,mps-authoring-inputs (11).xlsx,243,,,추가파일 동일 측정
제외,김주영B,mps-authoring-inputs (11).xlsx,244,,,추가파일 동일 측정
제외,김단우,mps-authoring-inputs (11).xlsx,245,,,추가파일 동일 측정
제외,김시완,mps-authoring-inputs (11).xlsx,246,,,추가파일 동일 측정
제외,명세율,mps-authoring-inputs (11).xlsx,247,,,추가파일 동일 측정
제외,이도윤,mps-authoring-inputs (11).xlsx,248,,,추가파일 동일 측정
제외,김정우,mps-authoring-inputs (11).xlsx,249,,,추가파일 동일 측정
제외,최윤오,mps-authoring-inputs (11).xlsx,250,,,추가파일 동일 측정
제외,신윤우,mps-authoring-inputs (11).xlsx,251,,,추가파일 동일 측정
제외,이동하,mps-authoring-inputs (11).xlsx,252,,,추가파일 동일 측정
제외,이준서,mps-authoring-inputs (11).xlsx,253,,,추가파일 동일 측정
제외,박누리솔,mps-authoring-inputs (11).xlsx,254,,,추가파일 동일 측정
제외,지현성,mps-authoring-inputs (11).xlsx,255,,,추가파일 동일 측정
제외,모렐로 벤자민,mps-authoring-inputs (11).xlsx,256,,,추가파일 동일 측정
제외,이선율,mps-authoring-inputs (11).xlsx,257,,,추가파일 동일 측정
제외,박유찬,mps-authoring-inputs (11).xlsx,258,,,추가파일 동일 측정
제외,박종률,mps-authoring-inputs (11).xlsx,259,,,추가파일 동일 측정
제외,오승유,mps-authoring-inputs (11).xlsx,260,,,추가파일 동일 측정
제외,김민섭,mps-authoring-inputs (11).xlsx,261,,,추가파일 동일 측정
제외,이호균,mps-authoring-inputs (11).xlsx,262,,,추가파일 동일 측정
제외,방시윤,mps-authoring-inputs (11).xlsx,263,,,추가파일 동일 측정
제외,김율,mps-authoring-inputs (11).xlsx,264,,,추가파일 동일 측정
제외,이시원,mps-authoring-inputs (11).xlsx,265,,,추가파일 동일 측정
제외,이서준,mps-authoring-inputs (11).xlsx,266,,,추가파일 동일 측정
제외,최원준,mps-authoring-inputs (11).xlsx,267,,,추가파일 동일 측정
제외,최민건,mps-authoring-inputs (11).xlsx,268,,,추가파일 동일 측정
제외,박건,mps-authoring-inputs (11).xlsx,269,,,추가파일 동일 측정
제외,임효우,mps-authoring-inputs (11).xlsx,270,,,추가파일 동일 측정
제외,방준혁,mps-authoring-inputs (11).xlsx,271,,,추가파일 동일 측정
제외,정세윤,mps-authoring-inputs (11).xlsx,272,,,추가파일 동일 측정
제외,안진우,mps-authoring-inputs (11).xlsx,273,,,추가파일 동일 측정
제외,김승환,mps-authoring-inputs (11).xlsx,274,,,추가파일 동일 측정
제외,강동완,mps-authoring-inputs (11).xlsx,275,,,추가파일 동일 측정
제외,곽제이,mps-authoring-inputs (11).xlsx,276,,,추가파일 동일 측정
제외,전우현,mps-authoring-inputs (11).xlsx,277,,,추가파일 동일 측정
제외,홍선,mps-authoring-inputs (11).xlsx,278,,,추가파일 동일 측정
제외,염연우,mps-authoring-inputs (11).xlsx,279,,,추가파일 동일 측정
제외,정태원,mps-authoring-inputs (11).xlsx,280,,,추가파일 동일 측정
제외,서승현,mps-authoring-inputs (11).xlsx,281,,,추가파일 동일 측정
제외,김수현,mps-authoring-inputs (11).xlsx,282,,,추가파일 동일 측정
제외,이송규,mps-authoring-inputs (11).xlsx,283,,,추가파일 동일 측정
제외,이정윤,mps-authoring-inputs (11).xlsx,284,,,추가파일 동일 측정
